date;sku;Price;Store;promo_item;promo_card;qty
01/06/2016;sg;2120;tb;0;1;24
01/06/2016;sg;2120;tc;0;1;16
01/06/2016;sg;2120;ta;0;0;29
02/06/2016;sg;2120;ta;0;1;25
02/06/2016;sg;2120;tc;0;0;10
02/06/2016;sg;2120;tb;0;1;10
03/06/2016;sg;2120;ta;0;1;33
03/06/2016;sg;2120;tc;0;0;15
03/06/2016;sg;2120;tb;0;0;15
04/06/2016;sg;2120;ta;0;1;48
04/06/2016;sg;2120;tb;0;1;70
04/06/2016;sg;2120;tc;0;1;47
05/06/2016;sg;2120;tc;0;1;35
05/06/2016;sg;2120;tb;0;1;79
05/06/2016;sg;2120;ta;0;1;95
06/06/2016;sg;2120;tb;0;1;22
06/06/2016;sg;2120;ta;0;1;42
06/06/2016;sg;2120;tc;0;1;24
07/06/2016;sg;2120;ta;0;1;24
07/06/2016;sg;2120;tb;0;1;20
07/06/2016;sg;2120;tc;0;0;7
08/06/2016;sg;2120;tc;0;1;13
08/06/2016;sg;2120;ta;0;1;7
08/06/2016;sg;2120;tb;0;1;12
09/06/2016;sg;2120;ta;0;1;16
09/06/2016;sg;2120;tc;0;1;10
09/06/2016;sg;2120;tb;0;0;8
10/06/2016;sg;2120;ta;0;1;16
10/06/2016;sg;2120;tb;0;1;17
10/06/2016;sg;2120;tc;0;0;9
11/06/2016;sg;2120;tb;0;1;20
11/06/2016;sg;2120;tc;0;1;8
11/06/2016;sg;2120;ta;0;0;16
12/06/2016;sg;2120;tc;0;0;10
12/06/2016;sg;2120;ta;0;0;18
12/06/2016;sg;2120;tb;0;1;36
13/06/2016;sg;2120;ta;0;0;17
13/06/2016;sg;2120;tb;0;0;22
13/06/2016;sg;2120;tc;0;0;2
14/06/2016;sg;2120;tb;0;1;18
14/06/2016;sg;2120;ta;0;0;21
15/06/2016;sg;2120;tc;0;1;12
15/06/2016;sg;2120;tb;0;1;30
15/06/2016;sg;2120;ta;0;0;12
16/06/2016;sg;2120;ta;0;1;29
16/06/2016;sg;2120;tb;0;1;34
16/06/2016;sg;2120;tc;0;0;5
17/06/2016;sg;2120;tb;0;1;61
17/06/2016;sg;2120;tc;0;0;6
17/06/2016;sg;2120;ta;0;0;12
18/06/2016;sg;2120;ta;0;1;31
18/06/2016;sg;2120;tb;0;1;49
18/06/2016;sg;2120;tc;0;0;20
19/06/2016;sg;2120;tb;0;1;69
19/06/2016;sg;2120;ta;0;1;38
19/06/2016;sg;2120;tc;0;1;12
20/06/2016;sg;2120;ta;0;0;24
20/06/2016;sg;2120;tb;0;1;33
20/06/2016;sg;2120;tc;0;0;4
21/06/2016;sg;2120;tb;0;1;22
21/06/2016;sg;2120;ta;0;0;12
21/06/2016;sg;2120;tc;0;0;3
22/06/2016;sg;2120;tc;0;0;7
22/06/2016;sg;2120;tb;0;0;4
22/06/2016;sg;2120;ta;0;0;26
23/06/2016;sg;2120;tc;0;0;4
23/06/2016;sg;2120;ta;0;1;19
23/06/2016;sg;2120;tb;0;1;21
24/06/2016;sg;2120;tb;0;1;10
24/06/2016;sg;2120;ta;0;1;18
24/06/2016;sg;2120;tc;0;0;9
25/06/2016;sg;2120;ta;0;0;26
25/06/2016;sg;2120;tb;0;1;24
25/06/2016;sg;2120;tc;0;1;21
26/06/2016;sg;2120;tb;0;1;14
26/06/2016;sg;2120;ta;0;0;34
26/06/2016;sg;2120;tc;0;1;17
27/06/2016;sg;2120;tb;0;1;13
27/06/2016;sg;2120;tc;0;1;14
27/06/2016;sg;2120;ta;0;0;27
28/06/2016;sg;2120;ta;1;1;41
28/06/2016;sg;2120;tc;1;1;29
28/06/2016;sg;2120;tb;0;1;8
29/06/2016;sg;2120;ta;0;0;21
29/06/2016;sg;2120;tc;1;1;28
29/06/2016;sg;2120;tb;0;1;9
30/06/2016;sg;2120;ta;1;1;28
30/06/2016;sg;2120;tb;0;0;7
30/06/2016;sg;2120;tc;1;0;7
01/07/2016;sg;2150;ta;0;0;26
01/07/2016;sg;2150;tc;0;1;15
01/07/2016;sg;2150;tb;0;0;17
02/07/2016;sg;2150;ta;0;1;34
02/07/2016;sg;2150;tc;0;1;18
02/07/2016;sg;2150;tb;0;1;44
03/07/2016;sg;2150;tb;0;1;46
03/07/2016;sg;2150;ta;0;1;27
03/07/2016;sg;2150;tc;0;1;17
04/07/2016;sg;2150;tc;0;1;36
04/07/2016;sg;2150;tb;0;1;30
04/07/2016;sg;2150;ta;0;1;32
05/07/2016;sg;2150;tb;0;1;9
05/07/2016;sg;2150;ta;0;1;19
05/07/2016;sg;2150;tc;0;1;15
06/07/2016;sg;2150;ta;0;0;3
06/07/2016;sg;2150;tb;0;1;9
06/07/2016;sg;2150;tc;0;1;5
07/07/2016;sg;2150;ta;0;0;4
07/07/2016;sg;2150;tb;0;1;13
07/07/2016;sg;2150;tc;0;1;8
08/07/2016;sg;2150;tb;0;1;19
08/07/2016;sg;2150;tc;0;0;10
08/07/2016;sg;2150;ta;0;0;10
09/07/2016;sg;2150;tb;0;1;22
09/07/2016;sg;2150;tc;0;1;18
10/07/2016;sg;2150;tb;0;1;70
10/07/2016;sg;2150;tc;0;0;19
11/07/2016;sg;2150;tb;0;1;67
11/07/2016;sg;2150;tc;0;0;5
12/07/2016;sg;2150;tb;0;0;22
12/07/2016;sg;2150;tc;0;1;14
13/07/2016;sg;2150;tc;0;0;21
13/07/2016;sg;2150;tb;0;1;14
14/07/2016;sg;2150;tc;0;1;9
14/07/2016;sg;2150;tb;0;1;21
14/07/2016;sg;2150;ta;0;1;12
15/07/2016;sg;2150;ta;0;1;46
15/07/2016;sg;2150;tb;0;1;26
15/07/2016;sg;2150;tc;0;1;16
16/07/2016;sg;2150;ta;0;1;20
16/07/2016;sg;2150;tb;0;0;23
16/07/2016;sg;2150;tc;0;1;18
17/07/2016;sg;2150;ta;0;1;41
17/07/2016;sg;2150;tb;0;1;35
17/07/2016;sg;2150;tc;0;1;13
18/07/2016;sg;2200;tc;0;1;8
18/07/2016;sg;2300;tb;0;0;7
18/07/2016;sg;2200;ta;0;0;19
19/07/2016;sg;2200;ta;0;1;13
19/07/2016;sg;2300;tb;0;0;1
19/07/2016;sg;2200;tc;0;0;3
20/07/2016;sg;2300;tb;0;1;19
20/07/2016;sg;2200;ta;0;0;14
20/07/2016;sg;2200;tc;0;0;3
21/07/2016;sg;2200;ta;0;0;8
21/07/2016;sg;2200;tc;0;0;13
21/07/2016;sg;2300;tb;0;0;11
22/07/2016;sg;2300;tb;0;0;11
22/07/2016;sg;2200;tc;0;0;12
22/07/2016;sg;2200;ta;0;0;27
23/07/2016;sg;2200;ta;0;0;24
23/07/2016;sg;2300;tb;0;1;24
23/07/2016;sg;2200;tc;0;0;11
24/07/2016;sg;2200;tc;0;0;22
24/07/2016;sg;2300;tb;0;1;33
24/07/2016;sg;2200;ta;0;1;29
25/07/2016;sg;2300;tb;0;1;12
25/07/2016;sg;2200;tc;0;0;5
25/07/2016;sg;2200;ta;0;1;16
26/07/2016;sg;2200;ta;0;1;24
26/07/2016;sg;2200;tc;0;1;8
26/07/2016;sg;2300;tb;0;1;18
27/07/2016;sg;2200;tc;0;1;19
27/07/2016;sg;2200;ta;0;1;21
27/07/2016;sg;2300;tb;0;1;12
28/07/2016;sg;2200;ta;0;1;27
28/07/2016;sg;2200;tc;0;1;9
28/07/2016;sg;2300;tb;0;1;26
29/07/2016;sg;2200;ta;0;1;33
29/07/2016;sg;2300;tb;0;1;12
29/07/2016;sg;2200;tc;0;0;11
30/07/2016;sg;2200;ta;0;1;42
30/07/2016;sg;2200;tc;0;1;14
30/07/2016;sg;2300;tb;0;1;14
31/07/2016;sg;2200;ta;0;1;34
31/07/2016;sg;2300;tb;0;1;27
31/07/2016;sg;2200;tc;0;1;31
01/08/2016;sg;2200;tc;0;0;21
01/08/2016;sg;2300;tb;0;1;26
01/08/2016;sg;2200;ta;0;0;21
02/08/2016;sg;2200;tc;0;0;14
02/08/2016;sg;2300;tb;0;1;20
02/08/2016;sg;2200;ta;0;1;12
03/08/2016;sg;2200;tc;0;0;7
03/08/2016;sg;2200;ta;0;1;32
03/08/2016;sg;2300;tb;0;0;11
04/08/2016;sg;2200;ta;0;1;14
04/08/2016;sg;2200;tc;0;0;8
04/08/2016;sg;2300;tb;0;1;10
05/08/2016;sg;2300;tb;0;0;4
05/08/2016;sg;2200;ta;0;1;32
05/08/2016;sg;2200;tc;0;0;20
06/08/2016;sg;2200;ta;0;1;31
06/08/2016;sg;2300;tb;0;1;21
06/08/2016;sg;2200;tc;0;1;8
07/08/2016;sg;2200;ta;0;0;39
07/08/2016;sg;2300;tb;0;1;36
07/08/2016;sg;2200;tc;0;1;7
08/08/2016;sg;2200;tc;0;0;3
08/08/2016;sg;2300;tb;0;0;10
08/08/2016;sg;2200;ta;0;0;18
09/08/2016;sg;2200;tc;0;0;10
09/08/2016;sg;2200;ta;0;1;8
09/08/2016;sg;2300;tb;0;0;7
10/08/2016;sg;2300;tb;0;0;9
10/08/2016;sg;2200;tc;0;0;3
10/08/2016;sg;2200;ta;0;0;21
11/08/2016;sg;2200;tc;0;1;12
11/08/2016;sg;2200;ta;0;0;7
11/08/2016;sg;2300;tb;0;1;13
12/08/2016;sg;2200;tc;0;0;3
12/08/2016;sg;2300;tb;0;1;27
12/08/2016;sg;2200;ta;0;0;16
13/08/2016;sg;2300;tb;0;1;23
13/08/2016;sg;2200;ta;0;1;35
13/08/2016;sg;2200;tc;0;0;25
14/08/2016;sg;2300;tb;0;1;29
14/08/2016;sg;2200;ta;0;1;39
14/08/2016;sg;2200;tc;0;0;9
15/08/2016;sg;2300;tb;0;0;17
15/08/2016;sg;2200;ta;0;1;20
16/08/2016;sg;2200;ta;0;1;25
16/08/2016;sg;2300;tb;0;1;15
16/08/2016;sg;2200;tc;0;1;7
17/08/2016;sg;2300;tb;0;1;34
17/08/2016;sg;2200;ta;0;1;29
17/08/2016;sg;2200;tc;0;1;21
18/08/2016;sg;2300;tb;0;1;11
18/08/2016;sg;2200;ta;0;1;22
18/08/2016;sg;2200;tc;0;0;6
19/08/2016;sg;2200;ta;0;1;22
19/08/2016;sg;2300;tb;0;1;9
19/08/2016;sg;2200;tc;0;0;1
20/08/2016;sg;2300;tb;0;1;32
20/08/2016;sg;2200;ta;0;0;27
20/08/2016;sg;2200;tc;0;1;17
21/08/2016;sg;2300;tb;0;1;39
21/08/2016;sg;2200;tc;0;1;18
21/08/2016;sg;2200;ta;0;1;25
22/08/2016;sg;2200;tc;0;1;8
22/08/2016;sg;2200;ta;0;1;11
22/08/2016;sg;2300;tb;0;1;5
23/08/2016;sg;2300;tb;0;1;9
23/08/2016;sg;2200;ta;0;1;15
23/08/2016;sg;2200;tc;0;0;3
24/08/2016;sg;2300;tb;0;0;11
24/08/2016;sg;2200;tc;0;0;3
24/08/2016;sg;2200;ta;0;0;8
25/08/2016;sg;2300;tb;0;0;12
25/08/2016;sg;2200;ta;0;1;17
25/08/2016;sg;2200;tc;0;0;5
26/08/2016;sg;2200;ta;0;0;18
26/08/2016;sg;2300;tb;0;1;16
26/08/2016;sg;2200;tc;0;0;2
27/08/2016;sg;2200;ta;0;1;33
27/08/2016;sg;2200;tc;0;0;21
27/08/2016;sg;2300;tb;0;1;34
28/08/2016;sg;2200;tc;0;1;24
28/08/2016;sg;2200;ta;0;1;67
28/08/2016;sg;2300;tb;0;1;31
29/08/2016;sg;2200;ta;0;0;19
29/08/2016;sg;2300;tb;0;1;14
29/08/2016;sg;2200;tc;0;0;9
30/08/2016;sg;2300;tb;0;0;18
30/08/2016;sg;2200;ta;0;1;20
30/08/2016;sg;2200;tc;0;0;5
31/08/2016;sg;2200;tc;0;1;25
31/08/2016;sg;2200;ta;0;0;31
31/08/2016;sg;2300;tb;0;1;18
01/09/2016;sg;2200;ta;0;1;24
01/09/2016;sg;2300;tb;0;1;17
01/09/2016;sg;2200;tc;0;1;15
02/09/2016;sg;2200;ta;0;0;21
02/09/2016;sg;2200;tc;0;1;13
02/09/2016;sg;2300;tb;0;0;10
03/09/2016;sg;2300;tb;0;1;30
03/09/2016;sg;2200;ta;0;1;29
03/09/2016;sg;2200;tc;0;1;21
04/09/2016;sg;2200;ta;0;1;36
04/09/2016;sg;2200;tc;0;1;34
04/09/2016;sg;2300;tb;0;1;33
05/09/2016;sg;2200;ta;0;1;18
05/09/2016;sg;2300;tb;0;1;23
05/09/2016;sg;2200;tc;0;1;6
06/09/2016;sg;2200;ta;0;1;30
06/09/2016;sg;2300;tb;0;0;11
06/09/2016;sg;2200;tc;0;0;5
07/09/2016;sg;2300;tb;0;1;17
07/09/2016;sg;2200;tc;0;0;13
07/09/2016;sg;2200;ta;0;0;15
08/09/2016;sg;2200;ta;0;0;19
08/09/2016;sg;2300;tb;0;0;5
08/09/2016;sg;2200;tc;0;0;10
09/09/2016;sg;2300;tb;0;1;17
09/09/2016;sg;2200;ta;0;0;12
09/09/2016;sg;2200;tc;0;0;6
10/09/2016;sg;2200;tc;0;0;17
10/09/2016;sg;2300;tb;0;1;31
10/09/2016;sg;2200;ta;0;0;17
11/09/2016;sg;2300;tb;0;0;22
11/09/2016;sg;2200;ta;0;0;16
11/09/2016;sg;2200;tc;0;1;16
12/09/2016;sg;2200;ta;0;1;20
12/09/2016;sg;2200;tc;0;1;12
12/09/2016;sg;2300;tb;0;1;15
13/09/2016;sg;2200;tc;0;0;3
13/09/2016;sg;2300;tb;0;1;16
13/09/2016;sg;2200;ta;0;1;18
14/09/2016;sg;2300;tb;0;0;10
14/09/2016;sg;2200;ta;0;0;15
14/09/2016;sg;2200;tc;0;0;3
15/09/2016;sg;2300;tb;0;1;17
15/09/2016;sg;2200;tc;0;0;6
15/09/2016;sg;2200;ta;0;0;8
16/09/2016;sg;2200;ta;0;1;21
16/09/2016;sg;2300;tb;0;0;13
16/09/2016;sg;2200;tc;0;0;2
17/09/2016;sg;2200;tc;0;1;13
17/09/2016;sg;2200;ta;0;0;28
17/09/2016;sg;2300;tb;0;1;29
18/09/2016;sg;2300;tb;0;1;26
18/09/2016;sg;2200;tc;0;1;21
18/09/2016;sg;2200;ta;0;0;23
19/09/2016;sg;2200;tc;0;1;4
19/09/2016;sg;2300;tb;0;0;8
19/09/2016;sg;2200;ta;0;0;9
20/09/2016;sg;2200;ta;0;0;13
20/09/2016;sg;2200;tc;0;0;4
20/09/2016;sg;2300;tb;0;1;18
21/09/2016;sg;2200;tc;0;1;4
21/09/2016;sg;2200;ta;0;0;15
21/09/2016;sg;2300;tb;0;0;8
22/09/2016;sg;2300;tb;0;1;7
22/09/2016;sg;2200;ta;0;0;4
23/09/2016;sg;2200;ta;0;1;24
23/09/2016;sg;2200;tc;0;0;8
23/09/2016;sg;2300;tb;0;1;13
24/09/2016;sg;2200;ta;0;1;29
24/09/2016;sg;2300;tb;0;1;24
24/09/2016;sg;2200;tc;0;1;15
25/09/2016;sg;2200;tc;0;0;26
25/09/2016;sg;2200;ta;0;1;27
25/09/2016;sg;2300;tb;0;1;50
26/09/2016;sg;2200;tc;0;0;8
26/09/2016;sg;2200;ta;0;1;22
26/09/2016;sg;2300;tb;0;1;5
27/09/2016;sg;2200;ta;0;1;28
27/09/2016;sg;2200;tc;0;0;12
27/09/2016;sg;2300;tb;0;1;12
28/09/2016;sg;2200;ta;0;0;13
28/09/2016;sg;2200;tc;0;0;2
28/09/2016;sg;2300;tb;0;0;12
29/09/2016;sg;2250;ta;0;1;16
29/09/2016;sg;2300;tc;0;1;14
29/09/2016;sg;2500;tb;0;1;8
30/09/2016;sg;2300;tc;0;0;10
30/09/2016;sg;2500;tb;0;1;23
30/09/2016;sg;2250;ta;0;1;20
01/10/2016;sg;2250;ta;0;1;57
01/10/2016;sg;2500;tb;0;1;28
01/10/2016;sg;2300;tc;0;1;33
02/10/2016;sg;2250;ta;0;1;51
02/10/2016;sg;2300;tc;0;0;26
02/10/2016;sg;2500;tb;0;1;22
03/10/2016;sg;2250;ta;0;1;27
03/10/2016;sg;2500;tb;0;1;9
03/10/2016;sg;2300;tc;0;1;14
04/10/2016;sg;2200;ta;0;1;8
04/10/2016;sg;2300;tc;0;1;7
04/10/2016;sg;2300;tb;0;0;5
05/10/2016;sg;2200;ta;0;1;16
05/10/2016;sg;2300;tb;0;0;10
05/10/2016;sg;2300;tc;0;0;1
06/10/2016;sg;2200;ta;0;0;23
06/10/2016;sg;2300;tb;0;1;10
06/10/2016;sg;2300;tc;0;0;2
07/10/2016;sg;2200;ta;0;1;21
07/10/2016;sg;2300;tc;0;1;10
07/10/2016;sg;2300;tb;0;0;3
08/10/2016;sg;2500;tc;0;1;12
08/10/2016;sg;2250;ta;0;1;25
08/10/2016;sg;2500;tb;0;1;19
09/10/2016;sg;2500;tb;0;1;37
09/10/2016;sg;2250;ta;0;1;21
09/10/2016;sg;2500;tc;0;1;5
10/10/2016;sg;2500;tb;0;0;10
10/10/2016;sg;2500;tc;0;1;9
10/10/2016;sg;2250;ta;0;0;10
11/10/2016;sg;2250;ta;0;0;10
11/10/2016;sg;2500;tb;0;1;11
11/10/2016;sg;2500;tc;0;0;2
12/10/2016;sg;2300;tc;0;0;3
12/10/2016;sg;2500;tb;0;0;12
12/10/2016;sg;2250;ta;0;0;2
13/10/2016;sg;2300;tc;0;1;4
13/10/2016;sg;2250;ta;0;1;3
13/10/2016;sg;2500;tb;0;1;25
14/10/2016;sg;2500;tb;0;0;19
14/10/2016;sg;2250;ta;0;1;17
14/10/2016;sg;2300;tc;0;0;6
15/10/2016;sg;2250;ta;0;1;22
15/10/2016;sg;2500;tb;0;1;34
15/10/2016;sg;2300;tc;0;0;7
16/10/2016;sg;2250;ta;0;0;19
16/10/2016;sg;2300;tc;0;1;6
16/10/2016;sg;2500;tb;0;1;43
17/10/2016;sg;2250;ta;0;1;14
17/10/2016;sg;2300;tc;0;0;12
17/10/2016;sg;2500;tb;0;1;9
18/10/2016;sg;2250;ta;0;0;8
18/10/2016;sg;2300;tc;0;0;4
18/10/2016;sg;2500;tb;0;1;13
19/10/2016;sg;2500;tb;0;0;9
19/10/2016;sg;2250;ta;0;1;12
19/10/2016;sg;2300;tc;0;0;3
20/10/2016;sg;2500;tb;0;0;8
20/10/2016;sg;2300;tc;0;0;3
20/10/2016;sg;2250;ta;0;1;4
21/10/2016;sg;2300;tc;0;0;5
21/10/2016;sg;2250;ta;0;0;4
21/10/2016;sg;2500;tb;0;0;5
22/10/2016;sg;2300;tc;0;1;8
22/10/2016;sg;2250;ta;0;1;17
22/10/2016;sg;2500;tb;0;1;17
23/10/2016;sg;2250;ta;0;1;11
23/10/2016;sg;2500;tb;0;0;16
23/10/2016;sg;2300;tc;0;1;12
24/10/2016;sg;2250;ta;0;0;6
24/10/2016;sg;2300;tc;0;0;3
24/10/2016;sg;2500;tb;0;0;3
25/10/2016;sg;2500;tb;0;1;10
25/10/2016;sg;2250;ta;0;1;16
25/10/2016;sg;2300;tc;0;1;10
26/10/2016;sg;2500;tb;0;1;4
26/10/2016;sg;2250;ta;0;1;7
26/10/2016;sg;2300;tc;0;0;2
27/10/2016;sg;2300;tc;0;0;13
27/10/2016;sg;2500;tb;0;1;11
27/10/2016;sg;2250;ta;0;1;7
28/10/2016;sg;2200;ta;0;1;20
28/10/2016;sg;2200;tb;0;0;5
29/10/2016;sg;2200;ta;0;1;25
29/10/2016;sg;2200;tb;0;1;31
29/10/2016;sg;2200;tc;0;1;12
30/10/2016;sg;2200;ta;0;1;17
30/10/2016;sg;2200;tc;0;0;17
30/10/2016;sg;2200;tb;0;1;36
31/10/2016;sg;2200;ta;0;0;6
31/10/2016;sg;2200;tc;0;1;5
31/10/2016;sg;2200;tb;0;1;18
01/11/2016;sg;2200;ta;0;1;15
01/11/2016;sg;2200;tc;0;0;6
01/11/2016;sg;2200;tb;0;1;15
02/11/2016;sg;2200;tb;0;1;6
02/11/2016;sg;2300;ta;0;0;11
02/11/2016;sg;2200;tc;0;1;16
03/11/2016;sg;2200;tb;0;0;15
03/11/2016;sg;2300;ta;0;1;5
03/11/2016;sg;2200;tc;0;0;5
04/11/2016;sg;2200;tb;0;1;19
04/11/2016;sg;2200;tc;0;0;7
04/11/2016;sg;2300;ta;0;0;6
05/11/2016;sg;2200;tb;0;1;38
05/11/2016;sg;2300;ta;0;0;26
05/11/2016;sg;2200;tc;0;1;7
06/11/2016;sg;2300;ta;0;1;28
06/11/2016;sg;2200;tb;0;1;18
06/11/2016;sg;2200;tc;0;0;10
07/11/2016;sg;2300;ta;0;0;8
07/11/2016;sg;2200;tb;0;0;3
07/11/2016;sg;2200;tc;0;1;10
08/11/2016;sg;2200;tb;0;1;21
08/11/2016;sg;2200;tc;0;0;9
08/11/2016;sg;2300;ta;0;0;3
09/11/2016;sg;2300;ta;0;1;7
09/11/2016;sg;2200;tb;0;1;17
09/11/2016;sg;2200;tc;0;0;6
10/11/2016;sg;2300;ta;0;1;21
10/11/2016;sg;2200;tb;0;1;15
10/11/2016;sg;2200;tc;0;1;3
11/11/2016;sg;2300;ta;0;1;18
11/11/2016;sg;2200;tb;0;0;3
11/11/2016;sg;2200;tc;0;0;5
12/11/2016;sg;2300;ta;0;1;13
12/11/2016;sg;2200;tb;0;1;28
12/11/2016;sg;2200;tc;0;0;16
13/11/2016;sg;2200;tc;0;1;14
13/11/2016;sg;2300;ta;0;1;12
13/11/2016;sg;2200;tb;0;1;27
14/11/2016;sg;2300;ta;0;0;10
14/11/2016;sg;2200;tc;0;1;5
14/11/2016;sg;2200;tb;0;0;13
15/11/2016;sg;2200;tc;0;1;10
15/11/2016;sg;2200;tb;0;0;12
15/11/2016;sg;2300;ta;0;0;7
16/11/2016;sg;2200;tc;0;1;10
16/11/2016;sg;2200;tb;0;0;16
16/11/2016;sg;2300;ta;0;1;10
17/11/2016;sg;2200;tb;0;1;14
17/11/2016;sg;2200;tc;0;0;12
17/11/2016;sg;2300;ta;0;0;6
18/11/2016;sg;2300;ta;0;1;9
18/11/2016;sg;2200;tb;0;1;24
18/11/2016;sg;2200;tc;0;0;3
19/11/2016;sg;2300;ta;0;1;24
19/11/2016;sg;2200;tb;0;1;24
19/11/2016;sg;2200;tc;0;0;5
20/11/2016;sg;2200;tb;0;1;48
20/11/2016;sg;2300;ta;0;0;10
20/11/2016;sg;2200;tc;0;1;3
21/11/2016;sg;2300;ta;0;1;18
21/11/2016;sg;2200;tb;0;0;7
21/11/2016;sg;2200;tc;0;0;4
22/11/2016;sg;2200;tb;0;1;12
22/11/2016;sg;2300;ta;0;1;13
22/11/2016;sg;2200;tc;0;0;2
23/11/2016;sg;2300;ta;0;0;5
23/11/2016;sg;2200;tb;0;0;11
23/11/2016;sg;2200;tc;0;0;6
24/11/2016;sg;2200;tc;0;1;3
24/11/2016;sg;2200;tb;0;1;25
24/11/2016;sg;2300;ta;0;0;6
25/11/2016;sg;2200;tb;0;1;9
25/11/2016;sg;2200;tc;0;0;3
25/11/2016;sg;2300;ta;0;0;9
26/11/2016;sg;2200;tb;0;1;29
26/11/2016;sg;2300;ta;0;1;13
26/11/2016;sg;2200;tc;0;1;17
27/11/2016;sg;2200;tb;0;1;28
27/11/2016;sg;2300;ta;0;1;26
27/11/2016;sg;2200;tc;0;1;14
28/11/2016;sg;2200;tb;0;1;15
28/11/2016;sg;2300;ta;0;0;11
28/11/2016;sg;2200;tc;0;0;6
29/11/2016;sg;2300;ta;0;1;18
29/11/2016;sg;2200;tb;0;1;14
29/11/2016;sg;2200;tc;0;0;3
30/11/2016;sg;2200;tb;0;1;17
30/11/2016;sg;2200;tc;0;0;12
30/11/2016;sg;2300;ta;0;1;12
01/12/2016;sg;2200;tc;0;0;7
01/12/2016;sg;2200;tb;0;1;25
01/12/2016;sg;2200;ta;0;0;15
02/12/2016;sg;2200;tb;0;1;17
02/12/2016;sg;2200;ta;0;1;20
02/12/2016;sg;2200;tc;0;1;30
03/12/2016;sg;2200;tb;0;1;39
03/12/2016;sg;2200;tc;0;1;22
03/12/2016;sg;2200;ta;0;1;12
04/12/2016;sg;2200;tc;0;0;21
04/12/2016;sg;2200;ta;0;1;37
04/12/2016;sg;2200;tb;0;1;52
05/12/2016;sg;2200;tb;0;0;14
05/12/2016;sg;2200;tc;0;0;7
05/12/2016;sg;2200;ta;0;0;6
06/12/2016;sg;2200;tb;0;1;18
06/12/2016;sg;2200;ta;0;0;12
06/12/2016;sg;2200;tc;0;1;5
07/12/2016;sg;2450;tb;0;1;22
07/12/2016;sg;2450;tc;0;0;11
07/12/2016;sg;2450;ta;0;1;7
07/12/2016;sg;2200;tc;0;0;2
08/12/2016;sg;2450;tb;0;1;27
08/12/2016;sg;2200;tc;0;0;2
08/12/2016;sg;2450;ta;0;0;6
08/12/2016;sg;2450;tc;0;0;3
09/12/2016;sg;2450;ta;0;1;29
09/12/2016;sg;2450;tb;1;1;30
09/12/2016;sg;2450;tc;0;0;5
10/12/2016;sg;2450;tb;0;1;25
10/12/2016;sg;2450;ta;0;1;19
10/12/2016;sg;2450;tc;0;0;7
11/12/2016;sg;2450;tb;0;1;38
11/12/2016;sg;2450;tc;0;1;21
11/12/2016;sg;2450;ta;0;0;13
12/12/2016;sg;2450;ta;0;0;19
12/12/2016;sg;2450;tc;0;1;20
12/12/2016;sg;2450;tb;0;1;38
13/12/2016;sg;2450;ta;0;0;10
13/12/2016;sg;2450;tc;0;0;8
13/12/2016;sg;2450;tb;1;0;7
14/12/2016;sg;2450;tc;0;0;17
14/12/2016;sg;2450;ta;0;0;4
14/12/2016;sg;2450;tb;0;0;1
15/12/2016;sg;2450;ta;0;1;21
15/12/2016;sg;2450;tb;0;0;2
15/12/2016;sg;2450;tc;0;0;4
16/12/2016;sg;2450;ta;0;0;16
16/12/2016;sg;2450;tc;0;0;5
17/12/2016;sg;2450;tc;0;0;3
17/12/2016;sg;2450;ta;0;0;16
18/12/2016;sg;2450;tc;1;1;18
18/12/2016;sg;2450;ta;0;1;21
19/12/2016;sg;2450;ta;1;1;12
19/12/2016;sg;2450;tb;0;1;17
19/12/2016;sg;2450;tc;0;0;6
20/12/2016;sg;2450;ta;0;0;7
20/12/2016;sg;2450;tb;0;0;14
20/12/2016;sg;2450;tc;0;0;11
21/12/2016;sg;2200;tc;0;1;12
21/12/2016;sg;2200;tb;0;1;9
22/12/2016;sg;2200;tb;0;0;9
22/12/2016;sg;4000;ta;0;0;11
22/12/2016;sg;2200;tc;0;0;3
23/12/2016;sg;2200;tb;0;1;22
23/12/2016;sg;2200;tc;0;0;5
23/12/2016;sg;4000;ta;0;0;4
24/12/2016;sg;2200;tc;0;1;18
24/12/2016;sg;2200;tb;0;1;31
24/12/2016;sg;4000;ta;0;1;10
25/12/2016;sg;2200;tb;0;1;35
25/12/2016;sg;4000;ta;0;0;9
25/12/2016;sg;2200;tc;0;0;7
26/12/2016;sg;2200;tb;0;1;23
26/12/2016;sg;2200;tc;0;0;12
26/12/2016;sg;4000;ta;0;1;9
27/12/2016;sg;2200;tb;0;0;11
27/12/2016;sg;4000;ta;0;1;13
27/12/2016;sg;2200;tc;0;1;5
28/12/2016;sg;2000;ta;0;1;11
28/12/2016;sg;2200;tb;0;1;67
28/12/2016;sg;2200;tc;0;0;13
29/12/2016;sg;2200;tc;0;0;21
29/12/2016;sg;2200;tb;0;1;51
29/12/2016;sg;2000;ta;0;0;12
30/12/2016;sg;2000;ta;0;1;20
30/12/2016;sg;2200;tb;0;1;53
30/12/2016;sg;2200;tc;0;1;5
31/12/2016;sg;2200;tb;0;1;120
31/12/2016;sg;2000;ta;0;0;16
31/12/2016;sg;2200;tc;0;1;23
01/01/2017;sg;2000;ta;0;0;38
01/01/2017;sg;2200;tc;0;0;15
01/01/2017;sg;2200;tb;1;1;115
02/01/2017;sg;2200;tb;0;1;128
02/01/2017;sg;2200;tc;0;1;12
02/01/2017;sg;2000;ta;0;0;35
03/01/2017;sg;2000;ta;0;1;16
03/01/2017;sg;2200;tb;0;1;16
03/01/2017;sg;2200;tc;0;1;15
04/01/2017;sg;2000;ta;0;0;18
04/01/2017;sg;2200;tb;0;1;34
04/01/2017;sg;2200;tc;0;1;11
05/01/2017;sg;2200;tb;0;1;27
05/01/2017;sg;2200;tc;0;0;5
05/01/2017;sg;2000;ta;0;1;25
06/01/2017;sg;2200;tb;0;0;17
06/01/2017;sg;2000;ta;0;0;16
06/01/2017;sg;2200;tc;0;1;12
07/01/2017;sg;2200;tb;0;1;35
07/01/2017;sg;2200;tc;0;1;17
07/01/2017;sg;2000;ta;0;1;27
08/01/2017;sg;2200;tb;0;1;30
08/01/2017;sg;2000;ta;0;1;19
08/01/2017;sg;2200;tc;0;1;10
09/01/2017;sg;2000;ta;0;1;16
09/01/2017;sg;2200;tc;0;0;4
09/01/2017;sg;2200;tb;0;1;18
10/01/2017;sg;2200;tc;0;1;18
10/01/2017;sg;2200;tb;0;1;19
10/01/2017;sg;2000;ta;0;1;8
11/01/2017;sg;2200;tb;0;0;17
11/01/2017;sg;2200;ta;0;0;6
11/01/2017;sg;2200;tc;0;0;4
12/01/2017;sg;2200;tb;0;0;20
12/01/2017;sg;2200;ta;0;1;12
12/01/2017;sg;2200;tc;0;0;7
13/01/2017;sg;2200;tb;0;0;20
13/01/2017;sg;2200;tc;0;1;5
13/01/2017;sg;2200;ta;0;1;16
14/01/2017;sg;2200;tb;0;1;28
14/01/2017;sg;2200;tc;0;1;8
14/01/2017;sg;2200;ta;0;1;20
15/01/2017;sg;2200;tb;0;1;44
15/01/2017;sg;2200;tc;0;1;13
15/01/2017;sg;2200;ta;0;1;19
16/01/2017;sg;2200;tb;0;1;20
16/01/2017;sg;2200;ta;0;1;15
16/01/2017;sg;2200;tc;0;0;5
17/01/2017;sg;2200;tc;0;0;3
17/01/2017;sg;2200;tb;0;1;25
17/01/2017;sg;2200;ta;0;0;13
18/01/2017;sg;2200;ta;0;0;8
18/01/2017;sg;2200;tc;0;0;9
18/01/2017;sg;2200;tb;0;1;10
19/01/2017;sg;2200;ta;0;0;11
19/01/2017;sg;2200;tc;0;0;7
19/01/2017;sg;2200;tb;0;1;20
20/01/2017;sg;2200;tc;0;1;6
20/01/2017;sg;2200;tb;0;1;12
20/01/2017;sg;2200;ta;0;1;5
21/01/2017;sg;2200;tb;0;1;17
21/01/2017;sg;2200;ta;0;1;11
21/01/2017;sg;2200;tc;0;1;7
22/01/2017;sg;2200;tb;0;1;31
22/01/2017;sg;2200;ta;0;1;25
22/01/2017;sg;2200;tc;0;1;7
23/01/2017;sg;2200;ta;0;0;6
23/01/2017;sg;2200;tb;0;1;19
23/01/2017;sg;2200;tc;0;0;11
24/01/2017;sg;2200;tb;0;1;23
24/01/2017;sg;2200;tc;0;0;4
24/01/2017;sg;2200;ta;0;1;10
25/01/2017;sg;2200;tc;0;0;16
25/01/2017;sg;2200;ta;0;0;12
25/01/2017;sg;2200;tb;0;1;9
26/01/2017;sg;2100;ta;0;1;13
26/01/2017;sg;2300;tb;0;1;13
26/01/2017;sg;2300;tc;0;1;13
27/01/2017;sg;2300;tc;0;0;9
27/01/2017;sg;2300;tb;0;1;18
27/01/2017;sg;2100;ta;0;1;19
28/01/2017;sg;2300;tb;0;1;38
28/01/2017;sg;2300;tc;0;1;34
28/01/2017;sg;2100;ta;0;1;34
29/01/2017;sg;2300;tc;0;1;33
29/01/2017;sg;2100;ta;0;1;43
29/01/2017;sg;2300;tb;0;1;34
30/01/2017;sg;2300;tc;0;0;9
30/01/2017;sg;2100;ta;0;1;17
30/01/2017;sg;2300;tb;0;0;10
31/01/2017;sg;2100;ta;0;0;18
31/01/2017;sg;2300;tc;0;1;19
31/01/2017;sg;2300;tb;0;1;18
01/02/2017;sg;2200;tc;0;1;11
01/02/2017;sg;2000;ta;0;1;26
01/02/2017;sg;2200;tb;0;0;6
02/02/2017;sg;2000;ta;0;1;35
02/02/2017;sg;2200;tc;0;1;11
02/02/2017;sg;2200;tb;0;1;16
03/02/2017;sg;2000;ta;0;1;12
03/02/2017;sg;2200;tb;0;1;17
03/02/2017;sg;2200;tc;0;0;9
04/02/2017;sg;2000;ta;0;1;47
04/02/2017;sg;2200;tb;0;1;33
04/02/2017;sg;2200;tc;0;0;9
05/02/2017;sg;2200;tc;0;1;32
05/02/2017;sg;2200;tb;0;1;50
05/02/2017;sg;2000;ta;0;0;47
06/02/2017;sg;2000;ta;0;1;14
06/02/2017;sg;2200;tb;0;0;23
06/02/2017;sg;2200;tc;0;0;3
07/02/2017;sg;2200;tc;0;0;10
07/02/2017;sg;2200;tb;0;1;21
07/02/2017;sg;2000;ta;0;1;12
08/02/2017;sg;2000;ta;0;0;16
08/02/2017;sg;2200;tb;0;0;14
08/02/2017;sg;2200;tc;0;1;4
09/02/2017;sg;2200;tb;0;1;11
09/02/2017;sg;2000;ta;0;0;10
09/02/2017;sg;2200;tc;0;0;3
10/02/2017;sg;2200;tc;0;0;4
10/02/2017;sg;2000;ta;0;0;6
10/02/2017;sg;2200;tb;0;0;6
11/02/2017;sg;2200;tb;0;1;37
11/02/2017;sg;2200;tc;0;0;14
11/02/2017;sg;2000;ta;0;0;21
12/02/2017;sg;2200;tb;0;1;39
12/02/2017;sg;2000;ta;0;0;23
12/02/2017;sg;2200;tc;0;1;10
13/02/2017;sg;2200;tc;0;0;10
13/02/2017;sg;2200;tb;0;1;18
13/02/2017;sg;2000;ta;0;1;10
14/02/2017;sg;2200;tb;0;0;12
14/02/2017;sg;2200;tc;0;0;4
14/02/2017;sg;2000;ta;0;1;12
15/02/2017;sg;2300;tb;0;1;24
15/02/2017;sg;2300;tc;0;1;11
15/02/2017;sg;2300;ta;0;1;10
16/02/2017;sg;2300;ta;0;1;15
16/02/2017;sg;2300;tb;0;1;21
16/02/2017;sg;2300;tc;0;1;10
17/02/2017;sg;2300;ta;0;0;16
17/02/2017;sg;2300;tc;0;1;7
17/02/2017;sg;2300;tb;0;0;5
18/02/2017;sg;2300;tc;0;1;8
18/02/2017;sg;2300;tb;0;1;16
18/02/2017;sg;2300;ta;0;0;8
19/02/2017;sg;2100;ta;0;0;18
19/02/2017;sg;2300;tb;0;1;38
19/02/2017;sg;2300;tc;0;0;13
20/02/2017;sg;2300;tc;0;0;4
20/02/2017;sg;2300;tb;0;0;12
20/02/2017;sg;2100;ta;0;0;8
21/02/2017;sg;2300;tb;0;0;15
21/02/2017;sg;2300;tc;0;0;10
21/02/2017;sg;2100;ta;0;0;21
22/02/2017;sg;2300;ta;0;1;16
22/02/2017;sg;2300;tc;0;0;5
22/02/2017;sg;2300;tb;0;1;9
23/02/2017;sg;2300;tb;0;1;12
23/02/2017;sg;2300;tc;0;0;4
23/02/2017;sg;2300;ta;0;0;5
24/02/2017;sg;2300;ta;0;0;6
24/02/2017;sg;2300;tc;0;0;4
24/02/2017;sg;2300;tb;0;1;14
25/02/2017;sg;2300;tb;0;1;11
25/02/2017;sg;2100;ta;0;1;20
25/02/2017;sg;2300;tc;0;1;13
26/02/2017;sg;2300;tb;0;1;52
26/02/2017;sg;2300;tc;0;1;33
26/02/2017;sg;2100;ta;0;1;20
27/02/2017;sg;2300;tb;0;1;7
27/02/2017;sg;2300;tc;0;1;14
27/02/2017;sg;2100;ta;0;1;19
28/02/2017;sg;2300;tb;0;1;21
28/02/2017;sg;2100;ta;0;1;23
28/02/2017;sg;2300;tc;0;1;16
01/03/2017;sg;2300;tb;0;1;26
01/03/2017;sg;2300;tc;0;0;13
01/03/2017;sg;2300;ta;0;1;21
02/03/2017;sg;2300;ta;0;1;6
02/03/2017;sg;2300;tb;0;0;14
02/03/2017;sg;2300;tc;0;0;7
03/03/2017;sg;2300;ta;0;1;14
03/03/2017;sg;2300;tb;0;1;14
03/03/2017;sg;2300;tc;0;0;11
04/03/2017;sg;2300;ta;0;1;26
04/03/2017;sg;2300;tc;0;1;30
04/03/2017;sg;2300;tb;0;1;31
05/03/2017;sg;2300;tc;0;1;24
05/03/2017;sg;2300;ta;0;0;11
05/03/2017;sg;2300;tb;0;1;44
06/03/2017;sg;2300;tb;0;1;8
06/03/2017;sg;2300;ta;0;0;8
06/03/2017;sg;2300;tc;0;0;8
07/03/2017;sg;2300;ta;0;1;13
07/03/2017;sg;2300;tb;0;0;17
07/03/2017;sg;2300;tc;0;0;8
08/03/2017;sg;2300;ta;0;1;22
08/03/2017;sg;2300;tc;0;0;7
08/03/2017;sg;2300;tb;0;0;11
09/03/2017;sg;2300;ta;0;0;7
09/03/2017;sg;2300;tb;0;0;24
09/03/2017;sg;2300;tc;0;0;6
10/03/2017;sg;2300;tb;0;0;11
10/03/2017;sg;2300;ta;0;0;3
10/03/2017;sg;2300;tc;0;0;7
11/03/2017;sg;2300;ta;0;0;22
11/03/2017;sg;2300;tc;0;0;16
11/03/2017;sg;2300;tb;0;1;24
12/03/2017;sg;2300;tc;0;1;16
12/03/2017;sg;2300;tb;0;1;47
12/03/2017;sg;2300;ta;0;1;11
13/03/2017;sg;2300;tb;0;1;27
13/03/2017;sg;2300;tc;0;0;8
13/03/2017;sg;2300;ta;0;1;9
14/03/2017;sg;2300;tc;0;1;9
14/03/2017;sg;2300;ta;0;0;5
14/03/2017;sg;2300;tb;0;0;19
15/03/2017;sg;2300;ta;0;0;10
15/03/2017;sg;2300;tb;0;1;20
15/03/2017;sg;2300;tc;0;1;3
16/03/2017;sg;2300;tb;0;1;7
16/03/2017;sg;2300;tc;0;1;6
16/03/2017;sg;2300;ta;0;0;6
17/03/2017;sg;2300;ta;0;0;23
17/03/2017;sg;2300;tb;0;1;12
17/03/2017;sg;2300;tc;0;0;2
18/03/2017;sg;2300;ta;0;1;16
18/03/2017;sg;2300;tb;0;1;30
18/03/2017;sg;2300;tc;0;1;12
19/03/2017;sg;2300;tb;0;1;42
19/03/2017;sg;2300;tc;0;1;10
19/03/2017;sg;2300;ta;0;1;20
20/03/2017;sg;2300;tc;0;0;7
20/03/2017;sg;2300;tb;0;1;11
20/03/2017;sg;2300;ta;0;0;8
21/03/2017;sg;2300;ta;0;0;3
21/03/2017;sg;2300;tb;0;1;11
21/03/2017;sg;2300;tc;0;0;3
22/03/2017;sg;2300;ta;0;0;8
22/03/2017;sg;2300;tb;0;0;3
22/03/2017;sg;2300;tc;0;0;5
23/03/2017;sg;2300;tc;0;1;11
23/03/2017;sg;2300;tb;0;0;6
23/03/2017;sg;2300;ta;0;0;4
24/03/2017;sg;2300;tc;0;1;6
24/03/2017;sg;2300;ta;0;0;6
24/03/2017;sg;2300;tb;0;1;16
25/03/2017;sg;2300;tb;0;1;26
25/03/2017;sg;2300;ta;0;1;12
25/03/2017;sg;2300;tc;0;1;13
26/03/2017;sg;2300;tb;0;1;36
26/03/2017;sg;2300;tc;0;1;11
26/03/2017;sg;2300;ta;0;0;8
27/03/2017;sg;2300;tb;0;1;31
27/03/2017;sg;2300;ta;0;0;8
27/03/2017;sg;2300;tc;0;0;13
28/03/2017;sg;2300;tb;0;1;38
28/03/2017;sg;2300;ta;0;1;22
28/03/2017;sg;2300;tc;0;0;11
29/03/2017;sg;2300;ta;0;0;15
29/03/2017;sg;2300;tb;0;1;20
29/03/2017;sg;2300;tc;0;1;13
30/03/2017;sg;2300;tb;0;1;14
30/03/2017;sg;2300;ta;0;0;8
30/03/2017;sg;2300;tc;0;0;8
31/03/2017;sg;2300;ta;0;1;19
31/03/2017;sg;2300;tb;0;1;6
31/03/2017;sg;2300;tc;0;1;12
01/04/2017;sg;2300;tb;0;1;25
01/04/2017;sg;2300;tc;0;1;12
01/04/2017;sg;2300;ta;0;1;19
02/04/2017;sg;2300;ta;0;1;54
02/04/2017;sg;2300;tc;0;1;33
02/04/2017;sg;2300;tb;0;1;27
03/04/2017;sg;2300;tb;0;1;12
03/04/2017;sg;2300;tc;0;0;2
03/04/2017;sg;2300;ta;0;0;12
04/04/2017;sg;2300;tb;0;0;16
04/04/2017;sg;2300;tc;0;0;6
04/04/2017;sg;2300;ta;0;0;14
05/04/2017;sg;2300;tb;0;1;25
05/04/2017;sg;2300;tc;0;0;6
05/04/2017;sg;2300;ta;0;0;21
06/04/2017;sg;2300;tb;0;1;10
06/04/2017;sg;2300;tc;0;1;7
06/04/2017;sg;2300;ta;0;1;16
07/04/2017;sg;2300;tc;0;1;13
07/04/2017;sg;2300;tb;0;0;13
07/04/2017;sg;2300;ta;0;0;6
08/04/2017;sg;2300;ta;0;0;13
08/04/2017;sg;2300;tc;0;0;6
08/04/2017;sg;2300;tb;0;1;27
09/04/2017;sg;2300;tc;0;1;15
09/04/2017;sg;2300;ta;0;1;23
09/04/2017;sg;2300;tb;0;1;27
10/04/2017;sg;2300;tb;0;0;4
10/04/2017;sg;2300;tc;0;0;1
10/04/2017;sg;2300;ta;0;0;14
11/04/2017;sg;2300;tc;0;1;4
11/04/2017;sg;2300;tb;0;1;12
11/04/2017;sg;2300;ta;0;0;7
12/04/2017;sg;2300;tc;0;1;3
12/04/2017;sg;2300;tb;0;1;9
12/04/2017;sg;2300;ta;0;0;15
13/04/2017;sg;2300;tb;0;1;8
13/04/2017;sg;2300;ta;0;0;9
13/04/2017;sg;2300;tc;0;0;12
14/04/2017;sg;2300;tb;0;1;22
14/04/2017;sg;2300;ta;0;0;3
14/04/2017;sg;2300;tc;0;1;14
15/04/2017;sg;2300;tb;0;1;28
15/04/2017;sg;2300;ta;0;0;5
15/04/2017;sg;2300;tc;0;1;3
16/04/2017;sg;2300;tc;0;1;14
16/04/2017;sg;2300;ta;0;0;13
16/04/2017;sg;2300;tb;0;1;28
17/04/2017;sg;2300;tb;0;1;9
17/04/2017;sg;2300;tc;0;1;8
17/04/2017;sg;2300;ta;0;0;6
18/04/2017;sg;2300;tc;0;0;3
18/04/2017;sg;2300;tb;0;0;3
19/04/2017;sg;2300;tc;0;0;9
19/04/2017;sg;2300;tb;0;1;24
19/04/2017;sg;2300;ta;0;0;15
20/04/2017;sg;2300;tb;0;1;6
20/04/2017;sg;2300;tc;0;0;3
20/04/2017;sg;2300;ta;0;0;4
21/04/2017;sg;2300;tb;0;1;7
21/04/2017;sg;2300;tc;0;0;2
21/04/2017;sg;2300;ta;0;0;11
22/04/2017;sg;2300;tc;0;1;20
22/04/2017;sg;2300;tb;0;1;18
22/04/2017;sg;2300;ta;0;1;13
23/04/2017;sg;2300;tb;0;1;53
23/04/2017;sg;2300;tc;0;1;20
23/04/2017;sg;2300;ta;0;0;18
24/04/2017;sg;2300;tc;0;1;14
24/04/2017;sg;2300;ta;0;1;13
24/04/2017;sg;2300;tb;0;1;34
25/04/2017;sg;2300;tc;0;0;7
25/04/2017;sg;2300;tb;0;1;13
25/04/2017;sg;2300;ta;0;1;12
26/04/2017;sg;2300;ta;0;0;17
26/04/2017;sg;2300;tc;0;0;8
26/04/2017;sg;2300;tb;0;1;21
27/04/2017;sg;2300;tb;0;1;27
27/04/2017;sg;2300;tc;0;0;12
27/04/2017;sg;2300;ta;0;1;19
28/04/2017;sg;2300;tc;0;0;5
28/04/2017;sg;2300;ta;0;0;18
28/04/2017;sg;2300;tb;0;1;16
29/04/2017;sg;2300;ta;0;1;30
29/04/2017;sg;2300;tc;0;0;19
29/04/2017;sg;2300;tb;0;1;17
30/04/2017;sg;2300;tb;0;1;37
30/04/2017;sg;2300;tc;0;1;22
30/04/2017;sg;2300;ta;0;1;22
01/05/2017;sg;2300;tc;0;1;28
01/05/2017;sg;2300;tb;0;1;18
01/05/2017;sg;2300;ta;0;1;15
02/05/2017;sg;2300;tb;0;1;13
02/05/2017;sg;2300;tc;0;0;12
02/05/2017;sg;2300;ta;0;1;36
03/05/2017;sg;2300;ta;0;1;22
03/05/2017;sg;2300;tb;0;1;13
03/05/2017;sg;2300;tc;0;0;6
04/05/2017;sg;2300;ta;0;1;16
04/05/2017;sg;2300;tb;0;0;9
04/05/2017;sg;2300;tc;0;1;5
05/05/2017;sg;2300;tc;0;1;5
05/05/2017;sg;2300;ta;0;0;14
05/05/2017;sg;2300;tb;0;0;12
06/05/2017;sg;2300;ta;0;1;27
06/05/2017;sg;2300;tb;0;1;25
06/05/2017;sg;2300;tc;0;1;8
07/05/2017;sg;2300;tc;0;1;18
07/05/2017;sg;2300;tb;0;1;37
07/05/2017;sg;2300;ta;0;0;20
08/05/2017;sg;2300;tc;0;0;10
08/05/2017;sg;2300;tb;0;0;13
08/05/2017;sg;2300;ta;0;1;12
09/05/2017;sg;2300;tb;0;1;14
09/05/2017;sg;2300;tc;0;1;9
09/05/2017;sg;2300;ta;0;1;7
10/05/2017;sg;2300;tb;0;1;13
10/05/2017;sg;2300;tc;0;1;5
10/05/2017;sg;2300;ta;0;1;9
11/05/2017;sg;2300;tb;0;1;15
11/05/2017;sg;2300;tc;0;0;8
11/05/2017;sg;2300;ta;0;1;19
12/05/2017;sg;2300;tb;0;1;15
12/05/2017;sg;2300;tc;0;0;7
12/05/2017;sg;2300;ta;0;0;6
13/05/2017;sg;2300;tc;0;0;12
13/05/2017;sg;2300;tb;0;1;18
13/05/2017;sg;2300;ta;0;0;9
14/05/2017;sg;2300;ta;0;1;8
14/05/2017;sg;2300;tc;0;1;20
14/05/2017;sg;2300;tb;0;1;23
15/05/2017;sg;2300;ta;0;0;23
15/05/2017;sg;2300;tb;0;1;15
15/05/2017;sg;2300;tc;0;1;12
16/05/2017;sg;2300;tb;0;1;20
16/05/2017;sg;2300;tc;0;0;10
16/05/2017;sg;2300;ta;0;1;9
17/05/2017;sg;2300;tb;0;1;15
17/05/2017;sg;2300;tc;0;0;3
17/05/2017;sg;2300;ta;0;0;2
18/05/2017;sg;2300;tb;0;0;8
18/05/2017;sg;2300;tc;0;1;7
18/05/2017;sg;2300;ta;0;0;7
19/05/2017;sg;2300;ta;0;1;21
19/05/2017;sg;2300;tb;0;1;21
19/05/2017;sg;2300;tc;0;0;9
20/05/2017;sg;2300;tc;0;1;12
20/05/2017;sg;2300;tb;0;1;62
20/05/2017;sg;2300;ta;0;0;11
21/05/2017;sg;2300;tb;0;1;82
21/05/2017;sg;2300;ta;0;1;21
21/05/2017;sg;2300;tc;0;0;16
22/05/2017;sg;2300;tb;0;0;11
22/05/2017;sg;2300;ta;0;1;10
22/05/2017;sg;2300;tc;0;1;8
23/05/2017;sg;2300;tc;0;1;22
23/05/2017;sg;2300;ta;0;0;8
23/05/2017;sg;2300;tb;0;1;12
24/05/2017;sg;2300;tb;0;1;29
24/05/2017;sg;2300;tc;0;0;4
24/05/2017;sg;2300;ta;0;0;8
25/05/2017;sg;2300;ta;0;1;31
25/05/2017;sg;2300;tb;0;1;57
25/05/2017;sg;2300;tc;0;1;29
26/05/2017;sg;2300;ta;0;1;19
26/05/2017;sg;2300;tb;0;1;26
26/05/2017;sg;2300;tc;0;1;22
27/05/2017;sg;2300;ta;0;0;21
27/05/2017;sg;2300;tc;0;1;26
27/05/2017;sg;2300;tb;0;0;2
28/05/2017;sg;2300;tc;0;0;10
28/05/2017;sg;2300;ta;0;0;26
28/05/2017;sg;2300;tb;0;1;56
29/05/2017;sg;2300;ta;0;1;23
29/05/2017;sg;2300;tc;0;0;11
29/05/2017;sg;2300;tb;0;1;30
30/05/2017;sg;2300;tb;0;1;37
30/05/2017;sg;2300;tc;0;1;16
30/05/2017;sg;2300;ta;0;0;8
31/05/2017;sg;2100;tc;0;0;3
31/05/2017;sg;2200;ta;0;1;19
31/05/2017;sg;2100;tb;0;0;19
01/06/2017;sg;2200;ta;0;0;16
01/06/2017;sg;2100;tb;0;1;41
01/06/2017;sg;2100;tc;0;0;14
02/06/2017;sg;2100;tb;0;0;9
02/06/2017;sg;2200;ta;0;0;5
03/06/2017;sg;2100;tc;0;1;12
03/06/2017;sg;2100;tb;0;1;23
03/06/2017;sg;2200;ta;0;1;13
04/06/2017;sg;2100;tb;0;1;43
04/06/2017;sg;2100;tc;0;0;17
04/06/2017;sg;2200;ta;0;0;4
05/06/2017;sg;2100;tc;0;1;6
05/06/2017;sg;2100;tb;0;1;42
05/06/2017;sg;2200;ta;0;1;3
06/06/2017;sg;2100;tb;0;1;45
06/06/2017;sg;2100;tc;0;1;8
06/06/2017;sg;2200;ta;0;1;6
07/06/2017;sg;2100;tb;0;1;13
07/06/2017;sg;2200;ta;0;0;11
07/06/2017;sg;2100;tc;0;1;6
08/06/2017;sg;2200;ta;0;0;12
08/06/2017;sg;2100;tb;0;1;12
08/06/2017;sg;2100;tc;0;1;3
09/06/2017;sg;2200;ta;0;1;13
09/06/2017;sg;2100;tc;0;0;6
09/06/2017;sg;2100;tb;0;1;14
10/06/2017;sg;2100;tb;0;1;24
10/06/2017;sg;2200;ta;0;1;9
10/06/2017;sg;2100;tc;0;1;9
11/06/2017;sg;2200;ta;0;1;8
11/06/2017;sg;2100;tb;0;1;27
11/06/2017;sg;2100;tc;0;0;5
12/06/2017;sg;2100;tc;0;0;6
12/06/2017;sg;2100;tb;0;1;17
12/06/2017;sg;2200;ta;0;1;6
13/06/2017;sg;2200;ta;0;0;15
13/06/2017;sg;2100;tb;0;1;7
13/06/2017;sg;2100;tc;0;1;4
14/06/2017;sg;2200;ta;0;1;7
14/06/2017;sg;2100;tc;0;0;2
14/06/2017;sg;2100;tb;0;1;13
15/06/2017;sg;2100;tc;0;0;1
15/06/2017;sg;2200;ta;0;0;5
15/06/2017;sg;2100;tb;0;1;26
16/06/2017;sg;2200;ta;0;1;16
16/06/2017;sg;2100;tb;0;1;25
16/06/2017;sg;2100;tc;0;0;5
17/06/2017;sg;2200;ta;0;0;7
17/06/2017;sg;2100;tc;0;0;5
17/06/2017;sg;2100;tb;0;1;30
18/06/2017;sg;2100;tc;0;1;14
18/06/2017;sg;2200;ta;0;0;21
18/06/2017;sg;2100;tb;0;1;51
19/06/2017;sg;2100;tb;0;1;25
19/06/2017;sg;2100;tc;0;0;7
19/06/2017;sg;2200;ta;0;0;5
20/06/2017;sg;2100;tb;0;1;68
20/06/2017;sg;2200;ta;0;1;15
20/06/2017;sg;2100;tc;0;0;2
21/06/2017;sg;2100;tc;0;0;3
21/06/2017;sg;2200;ta;0;0;13
21/06/2017;sg;2100;tb;0;1;22
22/06/2017;sg;2100;tb;0;1;29
22/06/2017;sg;2100;tc;0;0;9
22/06/2017;sg;2200;ta;0;0;20
23/06/2017;sg;2100;tb;0;1;37
23/06/2017;sg;2200;ta;0;0;14
23/06/2017;sg;2100;tc;0;1;3
24/06/2017;sg;2200;ta;0;1;11
24/06/2017;sg;2100;tb;0;1;39
24/06/2017;sg;2100;tc;0;0;13
25/06/2017;sg;2200;ta;0;0;7
25/06/2017;sg;2100;tc;0;1;4
25/06/2017;sg;2100;tb;0;1;41
26/06/2017;sg;2100;tc;0;0;6
26/06/2017;sg;2100;tb;0;1;34
26/06/2017;sg;2200;ta;0;1;22
27/06/2017;sg;2100;tb;0;1;52
27/06/2017;sg;2200;ta;0;0;8
27/06/2017;sg;2100;tc;0;1;15
28/06/2017;sg;2200;ta;0;0;7
28/06/2017;sg;2100;tc;0;1;1
28/06/2017;sg;2100;tb;0;1;40
29/06/2017;sg;2100;tb;0;1;20
29/06/2017;sg;2100;tc;0;0;9
29/06/2017;sg;2200;ta;0;0;17
30/06/2017;sg;2100;tb;0;1;43
30/06/2017;sg;2200;ta;0;1;21
30/06/2017;sg;2100;tc;0;0;11
01/07/2017;sg;2200;ta;0;1;38
01/07/2017;sg;2100;tb;0;1;38
01/07/2017;sg;2100;tc;0;1;12
02/07/2017;sg;2200;ta;0;1;4
02/07/2017;sg;2100;tb;0;1;25
02/07/2017;sg;2100;tc;0;1;25
03/07/2017;sg;2200;ta;0;0;6
03/07/2017;sg;2100;tc;0;0;14
04/07/2017;sg;2100;tc;0;0;6
04/07/2017;sg;2200;ta;0;0;3
05/07/2017;sg;2100;tb;0;0;11
05/07/2017;sg;2100;tc;0;1;11
06/07/2017;sg;2170;ta;0;0;11
06/07/2017;sg;2100;tc;0;1;24
06/07/2017;sg;2100;tb;0;1;24
07/07/2017;sg;2100;tb;0;1;14
07/07/2017;sg;2100;tc;0;0;2
07/07/2017;sg;2170;ta;0;1;14
08/07/2017;sg;2100;tc;0;0;16
08/07/2017;sg;2100;tb;0;0;38
08/07/2017;sg;2170;ta;0;0;26
09/07/2017;sg;2170;ta;0;0;47
09/07/2017;sg;2100;tc;0;1;34
09/07/2017;sg;2100;tb;0;0;3
10/07/2017;sg;2100;tc;0;1;20
10/07/2017;sg;2170;ta;0;1;16
11/07/2017;sg;2100;tb;0;1;10
11/07/2017;sg;2100;tc;0;1;8
12/07/2017;sg;2100;tc;0;0;4
12/07/2017;sg;2070;tb;0;1;16
13/07/2017;sg;2070;tc;0;1;9
13/07/2017;sg;2270;ta;0;0;6
13/07/2017;sg;2070;tb;0;1;19
13/07/2017;sg;2100;tc;0;0;9
14/07/2017;sg;2070;tc;0;0;11
14/07/2017;sg;2270;ta;0;1;16
14/07/2017;sg;2070;tb;0;0;9
15/07/2017;sg;2070;tb;0;1;15
15/07/2017;sg;2070;tc;0;1;16
15/07/2017;sg;2270;ta;0;0;18
16/07/2017;sg;2270;ta;0;1;22
16/07/2017;sg;2070;tb;0;1;20
16/07/2017;sg;2070;tc;0;1;32
17/07/2017;sg;2070;tb;0;1;4
17/07/2017;sg;2270;ta;0;1;10
17/07/2017;sg;2070;tc;0;0;28
18/07/2017;sg;2070;tc;0;1;19
18/07/2017;sg;2070;tb;0;0;7
19/07/2017;sg;2200;tb;0;1;14
19/07/2017;sg;2200;tc;0;1;26
20/07/2017;sg;2200;tb;0;1;13
20/07/2017;sg;2200;ta;0;0;6
20/07/2017;sg;2200;tc;0;1;30
21/07/2017;sg;2200;tb;0;1;27
21/07/2017;sg;2200;tc;0;1;18
21/07/2017;sg;2200;ta;0;0;4
22/07/2017;sg;2200;tb;1;1;22
22/07/2017;sg;2200;ta;0;1;9
22/07/2017;sg;2200;tc;0;1;32
23/07/2017;sg;2200;ta;0;1;16
23/07/2017;sg;2200;tc;0;1;34
23/07/2017;sg;2200;tb;0;1;63
24/07/2017;sg;2200;tc;0;1;11
24/07/2017;sg;2200;tb;0;1;15
24/07/2017;sg;2200;ta;0;0;5
25/07/2017;sg;2200;ta;0;0;11
25/07/2017;sg;2200;tb;0;1;19
25/07/2017;sg;2200;tc;0;0;6
26/07/2017;sg;2270;tb;0;1;15
26/07/2017;sg;2270;tc;0;1;19
26/07/2017;sg;2200;ta;0;1;9
27/07/2017;sg;2270;tc;0;0;7
27/07/2017;sg;2270;tb;0;0;7
27/07/2017;sg;2200;ta;0;1;16
28/07/2017;sg;2250;tc;0;0;2
28/07/2017;sg;2250;ta;0;1;21
28/07/2017;sg;2250;tb;1;1;12
29/07/2017;sg;2250;tb;1;1;51
29/07/2017;sg;2250;tc;0;1;24
29/07/2017;sg;2250;ta;1;1;27
30/07/2017;sg;2250;ta;1;1;31
30/07/2017;sg;2250;tc;0;1;33
30/07/2017;sg;2250;tb;1;1;33
31/07/2017;sg;2250;tb;0;1;7
31/07/2017;sg;2250;ta;1;1;20
31/07/2017;sg;2250;tc;1;1;20
01/08/2017;sg;2250;ta;1;0;30
01/08/2017;sg;2250;tb;0;1;4
01/08/2017;sg;2250;tc;1;0;14
02/08/2017;sg;2250;ta;1;1;32
02/08/2017;sg;2250;tc;0;1;19
02/08/2017;sg;2250;tb;0;1;14
03/08/2017;sg;2250;tc;0;0;8
03/08/2017;sg;2250;ta;1;0;18
03/08/2017;sg;2250;tb;0;0;7
04/08/2017;sg;2250;tc;0;0;9
04/08/2017;sg;2250;ta;0;1;8
04/08/2017;sg;2250;tb;0;0;7
05/08/2017;sg;2250;tc;0;1;15
05/08/2017;sg;2250;tb;0;1;16
05/08/2017;sg;2250;ta;0;1;20
06/08/2017;sg;2250;ta;0;1;36
06/08/2017;sg;2250;tb;0;1;15
06/08/2017;sg;2250;tc;0;1;24
07/08/2017;sg;2250;tc;0;1;7
07/08/2017;sg;2250;tb;0;1;27
07/08/2017;sg;2250;ta;0;0;6
08/08/2017;sg;2250;tb;0;0;5
08/08/2017;sg;2250;ta;0;0;11
08/08/2017;sg;2250;tc;0;0;2
09/08/2017;sg;2250;ta;0;0;10
09/08/2017;sg;2270;tc;0;1;10
09/08/2017;sg;2270;tb;0;0;7
10/08/2017;sg;2270;tc;0;0;10
10/08/2017;sg;2250;ta;0;1;8
10/08/2017;sg;2270;tb;0;1;7
11/08/2017;sg;2250;ta;0;1;12
11/08/2017;sg;2270;tb;0;0;10
11/08/2017;sg;2270;tc;0;0;11
12/08/2017;sg;2270;tb;0;1;20
12/08/2017;sg;2250;ta;0;0;9
12/08/2017;sg;2270;tc;0;1;14
13/08/2017;sg;2250;ta;0;1;25
13/08/2017;sg;2270;tb;0;1;33
13/08/2017;sg;2270;tc;0;1;28
14/08/2017;sg;2250;ta;0;0;8
14/08/2017;sg;2270;tc;0;1;9
14/08/2017;sg;2270;tb;0;0;8
15/08/2017;sg;2250;ta;0;1;8
15/08/2017;sg;2270;tc;0;1;13
15/08/2017;sg;2270;tb;0;0;12
16/08/2017;sg;2250;ta;0;1;14
16/08/2017;sg;2270;tc;0;1;14
16/08/2017;sg;2270;tb;0;1;20
17/08/2017;sg;2250;ta;0;0;16
17/08/2017;sg;2270;tb;0;1;27
17/08/2017;sg;2270;tc;0;1;32
18/08/2017;sg;2270;tc;0;1;4
18/08/2017;sg;2250;ta;0;0;6
18/08/2017;sg;2270;tb;0;1;6
19/08/2017;sg;2270;tb;0;1;28
19/08/2017;sg;2270;tc;0;1;20
19/08/2017;sg;2250;ta;0;1;12
20/08/2017;sg;2270;tc;0;1;24
20/08/2017;sg;2250;ta;0;1;12
20/08/2017;sg;2270;tb;0;1;39
21/08/2017;sg;2270;tc;0;1;32
21/08/2017;sg;2250;ta;0;0;7
21/08/2017;sg;2270;tb;0;1;10
22/08/2017;sg;2270;tc;0;1;23
22/08/2017;sg;2270;tb;0;1;17
22/08/2017;sg;2250;ta;0;0;9
23/08/2017;sg;2270;tb;0;1;12
23/08/2017;sg;2270;tc;0;1;7
23/08/2017;sg;2250;ta;0;0;7
24/08/2017;sg;2270;tc;0;1;13
24/08/2017;sg;2250;ta;0;0;23
24/08/2017;sg;2270;tb;0;1;27
25/08/2017;sg;2250;ta;0;1;10
25/08/2017;sg;2270;tc;0;1;18
25/08/2017;sg;2270;tb;0;1;18
26/08/2017;sg;2250;ta;0;1;38
26/08/2017;sg;2270;tc;0;1;20
26/08/2017;sg;2270;tb;0;1;36
27/08/2017;sg;2270;tc;0;1;19
27/08/2017;sg;2250;ta;0;0;15
27/08/2017;sg;2270;tb;1;1;38
28/08/2017;sg;2250;ta;0;1;24
28/08/2017;sg;2270;tb;0;1;10
29/08/2017;sg;2270;tb;0;1;5
29/08/2017;sg;2270;tc;0;0;2
29/08/2017;sg;2250;ta;0;1;15
30/08/2017;sg;2300;ta;0;0;16
30/08/2017;sg;2300;tc;0;0;11
30/08/2017;sg;2300;tb;0;1;22
31/08/2017;sg;2300;tb;1;1;16
31/08/2017;sg;2300;ta;0;1;18
31/08/2017;sg;2300;tc;1;1;8
01/09/2017;sg;2300;ta;1;1;36
01/09/2017;sg;2300;tc;1;1;42
01/09/2017;sg;2300;tb;1;1;29
02/09/2017;sg;2300;tc;1;1;16
02/09/2017;sg;2300;ta;0;0;20
02/09/2017;sg;2300;tb;0;0;19
03/09/2017;sg;2300;tb;1;1;22
03/09/2017;sg;2300;tc;1;0;14
03/09/2017;sg;2300;ta;1;1;13
04/09/2017;sg;2300;tc;0;0;8
04/09/2017;sg;2300;tb;1;0;11
04/09/2017;sg;2300;ta;0;0;1
05/09/2017;sg;2300;tb;1;1;27
05/09/2017;sg;2300;ta;0;0;2
05/09/2017;sg;2300;tc;1;1;17
06/09/2017;sg;2300;tb;1;1;20
06/09/2017;sg;2300;ta;0;1;1
06/09/2017;sg;2300;tc;0;0;7
07/09/2017;sg;2300;tb;1;0;15
07/09/2017;sg;2300;tc;0;0;7
08/09/2017;sg;2300;tc;1;0;9
08/09/2017;sg;2300;ta;0;0;14
08/09/2017;sg;2300;tb;0;0;10
09/09/2017;sg;2300;ta;1;0;20
09/09/2017;sg;2300;tb;0;1;29
09/09/2017;sg;2300;tc;0;1;15
10/09/2017;sg;2300;tb;1;1;50
10/09/2017;sg;2300;tc;1;1;11
10/09/2017;sg;2300;ta;0;1;25
11/09/2017;sg;2300;tb;1;1;29
11/09/2017;sg;2300;tc;0;0;12
11/09/2017;sg;2300;ta;0;1;11
12/09/2017;sg;2300;ta;1;0;15
12/09/2017;sg;2300;tb;0;1;10
12/09/2017;sg;2300;tc;0;1;15
13/09/2017;sg;2300;tc;1;1;26
13/09/2017;sg;2300;ta;0;1;12
13/09/2017;sg;2300;tb;1;1;23
14/09/2017;sg;2300;tc;0;1;29
14/09/2017;sg;2300;ta;0;0;8
14/09/2017;sg;2300;tb;0;0;19
15/09/2017;sg;2300;tb;0;1;24
15/09/2017;sg;2300;tc;0;1;32
15/09/2017;sg;2300;ta;1;1;15
16/09/2017;sg;2300;tc;0;1;23
16/09/2017;sg;2300;tb;0;1;32
16/09/2017;sg;2300;ta;0;0;10
17/09/2017;sg;2300;tc;0;1;50
17/09/2017;sg;2300;ta;0;1;22
17/09/2017;sg;2300;tb;1;1;30
18/09/2017;sg;2300;tc;1;1;29
18/09/2017;sg;2300;tb;0;1;24
18/09/2017;sg;2300;ta;0;1;6
19/09/2017;sg;2300;tb;0;1;9
19/09/2017;sg;2300;tc;1;1;22
19/09/2017;sg;2300;ta;0;0;7
20/09/2017;sg;2300;tc;0;1;20
20/09/2017;sg;2300;tb;0;0;12
20/09/2017;sg;2300;ta;1;0;8
21/09/2017;sg;2300;tc;0;0;16
21/09/2017;sg;2300;tb;0;1;41
21/09/2017;sg;2300;ta;1;0;30
22/09/2017;sg;2300;tc;1;1;12
22/09/2017;sg;2300;ta;0;0;9
22/09/2017;sg;2300;tb;0;1;18
23/09/2017;sg;2300;tc;1;1;17
23/09/2017;sg;2300;tb;1;1;43
23/09/2017;sg;2300;ta;0;0;17
24/09/2017;sg;2300;tc;0;0;3
24/09/2017;sg;2300;ta;0;0;15
24/09/2017;sg;2300;tb;0;1;37
25/09/2017;sg;2300;tb;0;1;28
25/09/2017;sg;2300;ta;0;0;2
25/09/2017;sg;2300;tc;0;0;14
26/09/2017;sg;2300;tc;0;1;12
26/09/2017;sg;2300;ta;0;1;19
26/09/2017;sg;2300;tb;0;1;9
27/09/2017;sg;2300;tc;0;0;2
27/09/2017;sg;2300;tb;0;1;26
27/09/2017;sg;2300;ta;0;1;15
28/09/2017;sg;2300;tc;0;0;6
28/09/2017;sg;2300;tb;0;1;15
28/09/2017;sg;2300;ta;0;1;11
29/09/2017;sg;2300;tc;0;0;16
29/09/2017;sg;2300;tb;0;1;11
29/09/2017;sg;2300;ta;0;0;14
30/09/2017;sg;2300;tc;0;0;12
30/09/2017;sg;2300;tb;0;1;24
30/09/2017;sg;2300;ta;0;1;30
01/10/2017;sg;2300;tb;0;1;32
01/10/2017;sg;2300;ta;0;1;44
01/10/2017;sg;2300;tc;0;0;13
02/10/2017;sg;2300;tb;0;1;11
02/10/2017;sg;2300;ta;0;0;15
02/10/2017;sg;2300;tc;0;1;15
03/10/2017;sg;2300;ta;0;0;10
03/10/2017;sg;2300;tc;0;1;22
03/10/2017;sg;2300;tb;0;0;6
04/10/2017;sg;2300;ta;0;1;13
04/10/2017;sg;2300;tb;0;0;18
04/10/2017;sg;2300;tc;0;0;11
05/10/2017;sg;2170;tc;0;1;6
05/10/2017;sg;2170;tb;0;0;14
05/10/2017;sg;2170;ta;0;1;10
06/10/2017;sg;2170;tc;0;0;8
06/10/2017;sg;2170;tb;0;1;15
06/10/2017;sg;2170;ta;0;1;21
07/10/2017;sg;2170;tb;0;1;28
07/10/2017;sg;2170;ta;0;1;35
07/10/2017;sg;2170;tc;0;1;21
08/10/2017;sg;2170;tc;0;1;24
08/10/2017;sg;2170;ta;0;1;18
08/10/2017;sg;2170;tb;0;1;27
09/10/2017;sg;2170;ta;0;1;9
09/10/2017;sg;2170;tb;0;1;17
09/10/2017;sg;2170;tc;0;1;7
10/10/2017;sg;2240;ta;0;0;13
10/10/2017;sg;2240;tc;0;0;15
10/10/2017;sg;2240;tb;0;0;15
11/10/2017;sg;2070;ta;0;1;15
11/10/2017;sg;2270;tb;0;0;6
11/10/2017;sg;2270;tc;0;1;8
12/10/2017;sg;2270;tc;0;1;6
12/10/2017;sg;2270;tb;0;0;10
12/10/2017;sg;2070;ta;0;0;9
13/10/2017;sg;2070;ta;0;0;8
13/10/2017;sg;2270;tb;0;1;11
14/10/2017;sg;2270;tb;0;1;25
14/10/2017;sg;2070;ta;0;0;12
14/10/2017;sg;2270;tc;0;0;13
15/10/2017;sg;2270;tb;0;0;21
15/10/2017;sg;2070;ta;0;1;26
15/10/2017;sg;2270;tc;0;1;22
16/10/2017;sg;2270;tc;0;0;14
16/10/2017;sg;2270;tb;0;1;11
16/10/2017;sg;2070;ta;0;0;5
17/10/2017;sg;2270;tb;0;0;4
17/10/2017;sg;2270;tc;0;1;11
17/10/2017;sg;2070;ta;0;0;6
18/10/2017;sg;2270;tc;0;1;10
18/10/2017;sg;2270;ta;0;0;6
18/10/2017;sg;2270;tb;0;0;8
19/10/2017;sg;2270;tc;0;1;15
19/10/2017;sg;2270;tb;0;1;22
19/10/2017;sg;2270;ta;0;1;7
20/10/2017;sg;2300;tc;1;0;10
20/10/2017;sg;2300;tb;1;1;16
21/10/2017;sg;2300;tc;0;1;24
21/10/2017;sg;2300;ta;0;1;29
21/10/2017;sg;2300;tb;0;1;19
22/10/2017;sg;2300;tb;0;1;38
22/10/2017;sg;2300;tc;0;1;53
22/10/2017;sg;2300;ta;0;1;29
23/10/2017;sg;2300;ta;0;0;2
23/10/2017;sg;2300;tc;1;0;16
23/10/2017;sg;2300;tb;0;0;14
24/10/2017;sg;2300;ta;0;1;13
24/10/2017;sg;2300;tb;0;1;10
24/10/2017;sg;2300;tc;0;1;12
25/10/2017;sg;2300;tb;1;1;33
25/10/2017;sg;2300;ta;0;1;10
25/10/2017;sg;2300;tc;0;0;14
26/10/2017;sg;2300;tc;0;1;16
26/10/2017;sg;2300;ta;0;0;5
26/10/2017;sg;2300;tb;1;1;21
27/10/2017;sg;2300;ta;0;1;15
27/10/2017;sg;2300;tb;0;1;24
27/10/2017;sg;2300;tc;0;1;16
28/10/2017;sg;2300;tc;1;1;40
28/10/2017;sg;2300;tb;1;1;39
28/10/2017;sg;2300;ta;1;1;22
29/10/2017;sg;2300;tc;1;1;41
29/10/2017;sg;2300;ta;1;1;33
29/10/2017;sg;2300;tb;1;1;37
30/10/2017;sg;2300;tb;0;1;17
30/10/2017;sg;2300;ta;0;1;6
30/10/2017;sg;2300;tc;1;1;22
31/10/2017;sg;2300;ta;0;1;25
31/10/2017;sg;2300;tb;0;1;2
31/10/2017;sg;2300;tc;1;1;18
01/11/2017;sg;2300;tc;0;1;18
01/11/2017;sg;2300;ta;0;1;17
01/11/2017;sg;2300;tb;0;0;18
02/11/2017;sg;2300;tb;0;1;14
02/11/2017;sg;2300;tc;0;0;11
02/11/2017;sg;2300;ta;0;0;14
03/11/2017;sg;2300;ta;0;1;5
03/11/2017;sg;2300;tb;0;1;7
03/11/2017;sg;2300;tc;0;0;8
04/11/2017;sg;2300;tc;1;1;31
04/11/2017;sg;2300;ta;1;1;26
04/11/2017;sg;2300;tb;1;1;34
05/11/2017;sg;2300;ta;1;0;29
05/11/2017;sg;2300;tb;1;1;20
05/11/2017;sg;2300;tc;1;1;26
06/11/2017;sg;2300;tc;1;1;14
06/11/2017;sg;2300;tb;0;1;11
06/11/2017;sg;2300;ta;0;1;6
07/11/2017;sg;2300;tb;1;1;21
07/11/2017;sg;2300;tc;0;1;14
07/11/2017;sg;2300;ta;0;1;20
08/11/2017;sg;2300;tb;0;0;4
08/11/2017;sg;2300;ta;0;0;16
08/11/2017;sg;2300;tc;0;0;7
09/11/2017;sg;2300;tc;0;1;13
09/11/2017;sg;2300;tb;0;0;11
09/11/2017;sg;2300;ta;0;0;15
10/11/2017;sg;2300;ta;0;0;10
10/11/2017;sg;2300;tb;0;0;14
11/11/2017;sg;2350;tc;0;1;11
11/11/2017;sg;2350;tb;0;0;29
11/11/2017;sg;2350;ta;0;0;14
12/11/2017;sg;2350;tc;0;1;13
12/11/2017;sg;2350;ta;0;0;25
12/11/2017;sg;2350;tb;0;1;23
13/11/2017;sg;2350;tb;0;1;5
13/11/2017;sg;2350;tc;0;0;10
13/11/2017;sg;2350;ta;0;0;8
14/11/2017;sg;2350;ta;0;0;10
14/11/2017;sg;2350;tb;0;1;8
14/11/2017;sg;2350;tc;0;1;13
15/11/2017;sg;2350;tc;0;0;5
15/11/2017;sg;2350;tb;0;0;8
15/11/2017;sg;2350;ta;0;0;14
16/11/2017;sg;2350;ta;0;0;10
16/11/2017;sg;2350;tb;0;0;9
16/11/2017;sg;2350;tc;0;0;9
17/11/2017;sg;2350;ta;0;1;7
17/11/2017;sg;2350;tc;0;0;11
17/11/2017;sg;2350;tb;0;1;15
18/11/2017;sg;2350;ta;0;0;24
18/11/2017;sg;2350;tb;0;1;32
18/11/2017;sg;2350;tc;0;1;17
19/11/2017;sg;2350;ta;0;1;14
19/11/2017;sg;2350;tb;0;1;25
19/11/2017;sg;2350;tc;0;1;15
20/11/2017;sg;2350;tb;0;1;7
20/11/2017;sg;2350;ta;0;1;5
20/11/2017;sg;2350;tc;0;1;10
21/11/2017;sg;2350;ta;0;0;12
21/11/2017;sg;2350;tc;0;0;1
21/11/2017;sg;2350;tb;0;1;12
22/11/2017;sg;2270;tb;0;1;14
22/11/2017;sg;2350;ta;0;0;9
22/11/2017;sg;2270;tc;0;1;21
23/11/2017;sg;2350;ta;0;1;13
23/11/2017;sg;2270;tc;0;0;13
23/11/2017;sg;2270;tb;0;0;4
24/11/2017;sg;2270;tc;0;0;16
24/11/2017;sg;2350;ta;0;1;8
24/11/2017;sg;2270;tb;0;1;10
25/11/2017;sg;2350;ta;0;1;21
25/11/2017;sg;2270;tc;0;1;35
25/11/2017;sg;2270;tb;0;1;33
26/11/2017;sg;2270;tc;0;1;41
26/11/2017;sg;2270;tb;0;1;36
26/11/2017;sg;2350;ta;0;1;22
27/11/2017;sg;2270;tb;0;0;18
27/11/2017;sg;2270;tc;0;1;14
27/11/2017;sg;2350;ta;0;0;3
28/11/2017;sg;2270;tb;0;1;13
28/11/2017;sg;2350;ta;0;0;8
28/11/2017;sg;2270;tc;0;0;12
29/11/2017;sg;2350;ta;0;1;21
29/11/2017;sg;2270;tb;0;1;5
29/11/2017;sg;2270;tc;0;0;8
30/11/2017;sg;2300;ta;0;1;7
30/11/2017;sg;2270;tb;0;0;12
30/11/2017;sg;2270;tc;0;1;11
01/12/2017;sg;2300;tc;0;1;10
01/12/2017;sg;2300;tb;1;1;45
01/12/2017;sg;2300;ta;0;1;21
02/12/2017;sg;2300;tb;1;1;36
02/12/2017;sg;2300;ta;0;1;19
03/12/2017;sg;2300;tb;1;1;60
03/12/2017;sg;2300;ta;0;1;19
04/12/2017;sg;2300;tb;0;0;12
04/12/2017;sg;2300;ta;0;1;1
05/12/2017;sg;2300;tb;0;0;21
06/12/2017;sg;2270;tb;0;1;28
06/12/2017;sg;2270;tc;0;1;8
07/12/2017;sg;2270;tb;0;1;13
07/12/2017;sg;2390;tc;0;0;1
07/12/2017;sg;2240;ta;0;0;3
08/12/2017;sg;2270;tb;0;1;19
08/12/2017;sg;2240;ta;0;0;14
09/12/2017;sg;2240;ta;0;0;22
09/12/2017;sg;2270;tb;0;1;49
10/12/2017;sg;2270;tb;0;1;48
10/12/2017;sg;2240;ta;0;0;13
11/12/2017;sg;2240;ta;0;1;15
11/12/2017;sg;2270;tb;0;1;9
11/12/2017;sg;2390;tc;0;1;4
12/12/2017;sg;2270;tb;0;1;21
12/12/2017;sg;2390;tc;0;1;5
12/12/2017;sg;2240;ta;0;0;3
13/12/2017;sg;2390;tc;0;1;14
13/12/2017;sg;2470;ta;0;1;15
13/12/2017;sg;2270;tb;0;0;19
14/12/2017;sg;2470;ta;0;0;7
14/12/2017;sg;2270;tb;0;1;17
14/12/2017;sg;2390;tc;0;0;10
15/12/2017;sg;2470;ta;0;0;9
15/12/2017;sg;2390;tc;0;1;8
15/12/2017;sg;2270;tb;0;1;16
16/12/2017;sg;2390;tc;0;1;12
16/12/2017;sg;2270;tb;0;1;31
16/12/2017;sg;2470;ta;0;0;20
17/12/2017;sg;2390;tc;0;1;16
17/12/2017;sg;2470;ta;0;1;20
17/12/2017;sg;2270;tb;0;1;38
18/12/2017;sg;2470;ta;0;0;13
18/12/2017;sg;2390;tc;0;1;14
18/12/2017;sg;2270;tb;0;0;8
19/12/2017;sg;2470;ta;0;0;5
19/12/2017;sg;2390;tc;0;0;7
19/12/2017;sg;2270;tb;0;0;9
20/12/2017;sg;2200;tb;0;0;8
20/12/2017;sg;2200;tc;0;0;9
20/12/2017;sg;2200;ta;0;1;10
21/12/2017;sg;2200;tb;0;1;13
21/12/2017;sg;2200;tc;0;0;3
21/12/2017;sg;2200;ta;0;0;13
22/12/2017;sg;2200;ta;0;0;9
22/12/2017;sg;2200;tb;1;0;18
22/12/2017;sg;2200;tc;0;1;8
23/12/2017;sg;2200;tb;0;1;26
23/12/2017;sg;2200;ta;0;1;17
23/12/2017;sg;2200;tc;0;1;19
24/12/2017;sg;2200;tb;0;1;23
24/12/2017;sg;2200;tc;1;1;26
24/12/2017;sg;2200;ta;1;1;31
25/12/2017;sg;2200;tc;0;1;23
25/12/2017;sg;2200;ta;0;0;20
25/12/2017;sg;2200;tb;1;1;45
26/12/2017;sg;2200;ta;0;0;8
26/12/2017;sg;2200;tc;0;1;21
26/12/2017;sg;2200;tb;0;1;18
27/12/2017;sg;2200;tb;1;1;21
27/12/2017;sg;2200;tc;1;1;24
27/12/2017;sg;2200;ta;0;0;14
28/12/2017;sg;2200;tc;0;1;9
28/12/2017;sg;2200;tb;0;1;16
28/12/2017;sg;2200;ta;0;0;8
29/12/2017;sg;2200;tb;0;1;9
29/12/2017;sg;2200;tc;0;0;3
29/12/2017;sg;2200;ta;0;0;16
30/12/2017;sg;2200;tb;0;1;28
30/12/2017;sg;2200;ta;0;0;12
31/12/2017;sg;2200;ta;0;0;17
31/12/2017;sg;2200;tc;0;0;1
31/12/2017;sg;2200;tb;0;1;17
01/01/2018;sg;2200;ta;1;1;33
01/01/2018;sg;2200;tb;0;1;10
02/01/2018;sg;2200;tb;1;0;9
02/01/2018;sg;2200;ta;0;0;21
03/01/2018;sg;2470;ta;0;1;11
03/01/2018;sg;2270;tb;0;0;6
04/01/2018;sg;2270;tb;0;1;27
04/01/2018;sg;2470;ta;0;0;5
05/01/2018;sg;2470;ta;0;0;5
05/01/2018;sg;2270;tb;0;0;12
06/01/2018;sg;2270;tb;0;1;41
06/01/2018;sg;2270;tc;0;1;22
06/01/2018;sg;2470;ta;0;0;16
07/01/2018;sg;2270;tb;0;1;64
07/01/2018;sg;2470;ta;0;1;39
07/01/2018;sg;2270;tc;0;1;9
08/01/2018;sg;2470;ta;0;0;11
08/01/2018;sg;2270;tc;0;1;13
08/01/2018;sg;2270;tb;0;0;4
09/01/2018;sg;2470;ta;0;0;10
09/01/2018;sg;2270;tb;0;1;21
09/01/2018;sg;2270;tc;0;1;2
10/01/2018;sg;2270;tb;0;1;27
10/01/2018;sg;2470;ta;0;1;27
10/01/2018;sg;2270;tc;0;1;10
11/01/2018;sg;2270;tb;0;0;13
11/01/2018;sg;2270;tc;0;1;13
11/01/2018;sg;2470;ta;0;0;5
12/01/2018;sg;2470;ta;0;0;4
12/01/2018;sg;2270;tb;0;1;21
12/01/2018;sg;2270;tc;0;0;4
13/01/2018;sg;2270;tc;0;1;20
13/01/2018;sg;2470;ta;0;1;17
13/01/2018;sg;2270;tb;0;1;43
14/01/2018;sg;2270;tb;0;1;45
14/01/2018;sg;2270;tc;0;1;8
14/01/2018;sg;2470;ta;0;0;6
15/01/2018;sg;2270;tc;0;1;18
15/01/2018;sg;2470;ta;0;0;7
15/01/2018;sg;2270;tb;0;0;6
16/01/2018;sg;2470;ta;0;0;3
16/01/2018;sg;2270;tb;0;1;8
16/01/2018;sg;2270;tc;0;0;14
17/01/2018;sg;2220;ta;0;0;6
17/01/2018;sg;2270;tb;0;0;12
17/01/2018;sg;2270;tc;0;1;10
18/01/2018;sg;2270;tc;0;0;6
18/01/2018;sg;2270;tb;0;1;10
18/01/2018;sg;2220;ta;0;1;14
19/01/2018;sg;2270;tb;0;1;20
19/01/2018;sg;2220;ta;0;0;14
19/01/2018;sg;2270;tc;0;0;9
20/01/2018;sg;2220;ta;0;0;19
20/01/2018;sg;2270;tc;0;1;16
20/01/2018;sg;2270;tb;0;1;39
21/01/2018;sg;2270;tc;0;1;29
21/01/2018;sg;2270;tb;0;1;53
21/01/2018;sg;2220;ta;0;0;17
22/01/2018;sg;2270;tc;0;0;11
22/01/2018;sg;2220;ta;0;1;14
22/01/2018;sg;2270;tb;0;0;5
23/01/2018;sg;2270;tc;0;1;6
23/01/2018;sg;2270;tb;0;1;11
23/01/2018;sg;2220;ta;0;1;6
24/01/2018;sg;2270;ta;0;0;6
24/01/2018;sg;2270;tc;0;1;4
24/01/2018;sg;2270;tb;0;1;14
25/01/2018;sg;2270;tb;0;1;16
25/01/2018;sg;2270;ta;0;1;15
25/01/2018;sg;2270;tc;0;1;10
26/01/2018;sg;2300;ta;0;0;8
26/01/2018;sg;2300;tb;1;1;19
26/01/2018;sg;2300;tc;0;1;10
27/01/2018;sg;2300;tc;1;1;15
27/01/2018;sg;2300;ta;1;1;41
27/01/2018;sg;2300;tb;0;1;16
28/01/2018;sg;2300;tb;0;1;26
28/01/2018;sg;2300;ta;0;1;33
28/01/2018;sg;2300;tc;0;1;23
29/01/2018;sg;2300;tc;0;1;14
29/01/2018;sg;2300;ta;1;0;10
29/01/2018;sg;2300;tb;0;0;3
30/01/2018;sg;2300;tb;0;1;16
30/01/2018;sg;2300;tc;1;1;11
30/01/2018;sg;2300;ta;0;0;9
31/01/2018;sg;2200;ta;0;0;16
31/01/2018;sg;2200;tc;0;1;12
31/01/2018;sg;2200;tb;0;0;6
01/02/2018;sg;2200;tb;0;0;10
01/02/2018;sg;2200;ta;0;1;19
01/02/2018;sg;2200;tc;0;0;14
02/02/2018;sg;2200;tb;0;0;14
02/02/2018;sg;2200;ta;0;1;7
02/02/2018;sg;2200;tc;0;0;4
03/02/2018;sg;2200;tb;0;1;31
03/02/2018;sg;2200;ta;0;1;35
04/02/2018;sg;2200;tb;1;1;40
04/02/2018;sg;2200;ta;0;0;30
05/02/2018;sg;2200;tb;0;0;13
05/02/2018;sg;2200;ta;0;0;10
05/02/2018;sg;2200;tc;0;0;3
06/02/2018;sg;2200;tc;0;1;18
06/02/2018;sg;2200;tb;0;0;9
06/02/2018;sg;2200;ta;0;0;6
07/02/2018;sg;2200;tc;0;1;23
07/02/2018;sg;2200;ta;0;0;11
07/02/2018;sg;2200;tb;0;1;14
08/02/2018;sg;2200;ta;1;0;10
08/02/2018;sg;2200;tc;0;1;9
08/02/2018;sg;2200;tb;0;1;26
09/02/2018;sg;2200;tb;0;0;1
09/02/2018;sg;2200;ta;0;0;9
09/02/2018;sg;2200;tc;0;0;16
10/02/2018;sg;2200;ta;0;0;15
10/02/2018;sg;2200;tc;1;1;42
10/02/2018;sg;2200;tb;1;1;30
11/02/2018;sg;2200;ta;1;0;37
11/02/2018;sg;2200;tc;1;1;28
11/02/2018;sg;2200;tb;1;1;19
12/02/2018;sg;2200;ta;0;0;20
12/02/2018;sg;2200;tb;0;1;13
12/02/2018;sg;2200;tc;0;1;17
13/02/2018;sg;2200;ta;1;1;22
13/02/2018;sg;2200;tc;0;0;13
13/02/2018;sg;2200;tb;0;1;4
14/02/2018;sg;2270;tc;0;0;6
14/02/2018;sg;2270;tb;0;1;15
14/02/2018;sg;2270;ta;0;1;11
15/02/2018;sg;2270;tb;0;0;9
15/02/2018;sg;2270;tc;0;1;10
15/02/2018;sg;2270;ta;0;0;11
16/02/2018;sg;2270;tc;0;1;15
16/02/2018;sg;2270;ta;0;1;22
16/02/2018;sg;2270;tb;0;0;23
17/02/2018;sg;2270;tb;0;0;14
17/02/2018;sg;2270;ta;0;1;25
17/02/2018;sg;2270;tc;0;1;12
18/02/2018;sg;2270;tb;0;1;20
18/02/2018;sg;2270;ta;0;0;20
18/02/2018;sg;2270;tc;0;1;16
19/02/2018;sg;2270;tb;0;1;11
19/02/2018;sg;2270;tc;0;0;5
19/02/2018;sg;2270;ta;0;1;8
20/02/2018;sg;2270;tc;0;1;18
20/02/2018;sg;2270;tb;0;0;8
20/02/2018;sg;2270;ta;0;0;14
21/02/2018;sg;2270;tb;0;1;14
21/02/2018;sg;2270;tc;0;1;9
21/02/2018;sg;2270;ta;0;0;2
22/02/2018;sg;2270;tb;0;0;13
22/02/2018;sg;2270;tc;0;0;11
22/02/2018;sg;2270;ta;0;0;11
23/02/2018;sg;2270;ta;0;0;10
23/02/2018;sg;2270;tb;0;1;9
23/02/2018;sg;2270;tc;0;1;11
24/02/2018;sg;2270;ta;0;1;33
24/02/2018;sg;2270;tb;0;1;29
24/02/2018;sg;2270;tc;0;1;23
25/02/2018;sg;2270;tb;0;1;33
25/02/2018;sg;2270;ta;0;1;32
25/02/2018;sg;2270;tc;0;1;9
26/02/2018;sg;2270;ta;0;0;8
26/02/2018;sg;2270;tb;0;1;19
27/02/2018;sg;2270;tb;0;0;6
27/02/2018;sg;2270;ta;0;0;11
27/02/2018;sg;2270;tc;0;0;1
28/02/2018;sg;2300;ta;0;1;13
28/02/2018;sg;2300;tb;1;1;18
28/02/2018;sg;2300;tc;0;1;14
01/03/2018;sg;2300;tc;0;0;32
01/03/2018;sg;2300;tb;1;1;17
01/03/2018;sg;2300;ta;0;0;11
02/03/2018;sg;2300;tc;0;0;13
02/03/2018;sg;2300;ta;0;1;17
02/03/2018;sg;2300;tb;1;1;20
03/03/2018;sg;2300;tb;1;1;39
03/03/2018;sg;2300;tc;0;1;28
03/03/2018;sg;2300;ta;0;1;17
04/03/2018;sg;2300;tb;1;1;48
04/03/2018;sg;2300;tc;1;1;49
04/03/2018;sg;2300;ta;0;0;6
05/03/2018;sg;2300;tc;1;1;21
05/03/2018;sg;2300;tb;0;1;20
05/03/2018;sg;2300;ta;0;1;16
06/03/2018;sg;2300;ta;0;1;13
06/03/2018;sg;2300;tc;0;0;19
06/03/2018;sg;2300;tb;1;1;21
07/03/2018;sg;2300;tc;0;0;8
07/03/2018;sg;2300;tb;0;1;14
07/03/2018;sg;2300;ta;0;0;16
08/03/2018;sg;2300;ta;0;1;16
08/03/2018;sg;2300;tb;0;0;4
08/03/2018;sg;2300;tc;0;1;8
09/03/2018;sg;2300;ta;0;0;10
09/03/2018;sg;2300;tc;0;0;7
09/03/2018;sg;2300;tb;0;1;7
10/03/2018;sg;2300;tb;0;1;27
10/03/2018;sg;2300;ta;0;1;34
10/03/2018;sg;2300;tc;0;1;22
11/03/2018;sg;2300;ta;0;0;31
11/03/2018;sg;2300;tc;0;1;30
11/03/2018;sg;2300;tb;1;1;21
12/03/2018;sg;2300;tb;1;1;19
12/03/2018;sg;2300;tc;0;1;10
12/03/2018;sg;2300;ta;0;0;15
13/03/2018;sg;2300;tb;1;1;19
13/03/2018;sg;2300;tc;0;1;19
13/03/2018;sg;2300;ta;0;0;5
14/03/2018;sg;2270;tc;0;1;12
14/03/2018;sg;2170;ta;0;0;3
14/03/2018;sg;2270;tb;0;0;1
15/03/2018;sg;2270;tb;0;1;9
15/03/2018;sg;2270;tc;0;0;6
15/03/2018;sg;2170;ta;0;0;2
16/03/2018;sg;2270;tb;0;0;17
16/03/2018;sg;2270;tc;0;0;16
16/03/2018;sg;2170;ta;0;0;13
17/03/2018;sg;2270;tc;0;1;12
17/03/2018;sg;2170;ta;0;1;23
17/03/2018;sg;2270;tb;0;1;22
18/03/2018;sg;2270;tc;0;1;30
18/03/2018;sg;2270;tb;0;1;44
18/03/2018;sg;2170;ta;0;1;23
19/03/2018;sg;2270;tc;0;1;21
19/03/2018;sg;2270;tb;0;0;15
20/03/2018;sg;2270;tc;0;1;24
20/03/2018;sg;2270;tb;0;0;2
21/03/2018;sg;2270;tb;0;1;12
21/03/2018;sg;2270;tc;0;1;7
22/03/2018;sg;2270;tc;0;0;6
22/03/2018;sg;2270;tb;0;0;18
23/03/2018;sg;2270;tb;0;1;13
23/03/2018;sg;2270;tc;0;0;8
24/03/2018;sg;2500;tc;0;1;20
24/03/2018;sg;2270;tb;0;1;25
24/03/2018;sg;2170;ta;0;1;1
25/03/2018;sg;2270;tb;0;1;15
25/03/2018;sg;2500;tc;0;0;15
26/03/2018;sg;2500;tc;0;1;13
27/03/2018;sg;2500;tc;0;0;2
28/03/2018;sg;2270;tc;0;0;12
28/03/2018;sg;2270;tb;0;1;12
29/03/2018;sg;2270;tb;0;0;14
29/03/2018;sg;2270;tc;0;0;4
30/03/2018;sg;2270;tb;0;1;24
30/03/2018;sg;2270;tc;0;1;31
31/03/2018;sg;2270;tb;0;1;22
31/03/2018;sg;2270;tc;0;1;20
01/04/2018;sg;2270;tb;0;1;27
01/04/2018;sg;2270;tc;0;1;29
02/04/2018;sg;2270;tb;0;1;14
02/04/2018;sg;2270;tc;0;0;5
03/04/2018;sg;2270;tb;0;0;9
03/04/2018;sg;2270;tc;0;1;9
04/04/2018;sg;2270;tc;0;0;11
04/04/2018;sg;2270;tb;0;1;14
05/04/2018;sg;2270;tc;0;0;9
05/04/2018;sg;2270;tb;0;0;10
06/04/2018;sg;2300;ta;1;1;9
06/04/2018;sg;2300;tc;0;1;26
06/04/2018;sg;2300;tb;0;1;10
07/04/2018;sg;2300;ta;0;0;15
07/04/2018;sg;2300;tc;1;1;28
07/04/2018;sg;2300;tb;0;1;17
08/04/2018;sg;2300;tc;0;1;40
08/04/2018;sg;2300;ta;0;1;33
08/04/2018;sg;2300;tb;0;1;33
09/04/2018;sg;2300;tb;0;1;26
09/04/2018;sg;2300;tc;0;0;21
09/04/2018;sg;2300;ta;0;0;10
10/04/2018;sg;2300;tc;0;1;21
10/04/2018;sg;2300;tb;0;1;18
10/04/2018;sg;2300;ta;0;1;5
11/04/2018;sg;2300;ta;0;0;10
11/04/2018;sg;2270;tc;0;1;15
11/04/2018;sg;2270;tb;0;0;9
12/04/2018;sg;2270;tb;0;0;11
12/04/2018;sg;2270;tc;0;1;8
12/04/2018;sg;2300;ta;0;0;7
13/04/2018;sg;2270;tc;0;1;9
13/04/2018;sg;2300;ta;0;0;9
13/04/2018;sg;2270;tb;0;1;12
14/04/2018;sg;2270;tb;0;1;31
14/04/2018;sg;2300;ta;0;0;11
14/04/2018;sg;2270;tc;0;1;19
15/04/2018;sg;2270;tc;0;1;25
15/04/2018;sg;2300;ta;0;0;25
15/04/2018;sg;2270;tb;0;1;25
16/04/2018;sg;2270;tc;0;1;13
16/04/2018;sg;2270;tb;0;1;22
16/04/2018;sg;2300;ta;0;1;9
17/04/2018;sg;2270;tc;0;1;20
17/04/2018;sg;2270;tb;0;1;19
17/04/2018;sg;2300;ta;0;0;9
18/04/2018;sg;2270;tb;0;0;5
18/04/2018;sg;2300;ta;0;1;13
18/04/2018;sg;2270;tc;0;1;12
19/04/2018;sg;2270;tb;0;0;9
19/04/2018;sg;2300;ta;0;0;14
19/04/2018;sg;2270;tc;0;0;8
20/04/2018;sg;2270;tb;0;0;11
20/04/2018;sg;2300;ta;0;0;11
20/04/2018;sg;2270;tc;0;0;2
21/04/2018;sg;2270;tc;0;1;27
21/04/2018;sg;2300;ta;0;0;18
21/04/2018;sg;2270;tb;0;1;14
22/04/2018;sg;2270;tb;0;1;29
22/04/2018;sg;2300;ta;0;1;9
22/04/2018;sg;2270;tc;0;1;31
23/04/2018;sg;2270;tc;0;0;16
23/04/2018;sg;2300;ta;0;0;6
23/04/2018;sg;2270;tb;0;1;12
24/04/2018;sg;2270;tb;0;1;16
24/04/2018;sg;2270;tc;0;1;14
24/04/2018;sg;2300;ta;0;0;4
25/04/2018;sg;2270;tb;0;0;23
25/04/2018;sg;2270;tc;0;0;10
25/04/2018;sg;2170;ta;0;0;7
26/04/2018;sg;2270;tc;0;1;13
26/04/2018;sg;2170;ta;0;0;11
26/04/2018;sg;2270;tb;0;1;20
27/04/2018;sg;2270;tb;0;1;24
27/04/2018;sg;2170;ta;0;0;6
27/04/2018;sg;2270;tc;0;0;9
28/04/2018;sg;2270;tc;0;1;33
28/04/2018;sg;2170;ta;0;1;17
28/04/2018;sg;2270;tb;0;1;28
29/04/2018;sg;2270;tc;0;1;26
29/04/2018;sg;2270;tb;0;1;36
29/04/2018;sg;2170;ta;0;1;11
30/04/2018;sg;2170;ta;0;0;18
30/04/2018;sg;2270;tc;0;0;8
30/04/2018;sg;2270;tb;0;0;9
01/05/2018;sg;2270;tb;0;1;60
01/05/2018;sg;2270;tc;0;1;38
01/05/2018;sg;2170;ta;0;1;21
02/05/2018;sg;2170;ta;0;0;7
02/05/2018;sg;2270;tb;0;1;11
02/05/2018;sg;2270;tc;0;0;12
03/05/2018;sg;2170;ta;0;0;10
03/05/2018;sg;2270;tb;0;1;17
03/05/2018;sg;2270;tc;0;1;5
04/05/2018;sg;2270;tb;0;1;15
04/05/2018;sg;2270;tc;0;0;10
04/05/2018;sg;2170;ta;0;0;11
05/05/2018;sg;2170;ta;0;1;13
05/05/2018;sg;2270;tc;0;1;29
05/05/2018;sg;2270;tb;0;1;23
06/05/2018;sg;2270;tb;0;1;43
06/05/2018;sg;2170;ta;0;0;3
06/05/2018;sg;2270;tc;0;1;30
07/05/2018;sg;2270;tb;0;1;26
07/05/2018;sg;2270;tc;0;1;10
08/05/2018;sg;2270;tb;0;1;8
08/05/2018;sg;2270;tc;0;0;17
09/05/2018;sg;2300;tb;0;1;11
09/05/2018;sg;2300;tc;0;0;6
09/05/2018;sg;2300;ta;0;0;1
10/05/2018;sg;2300;tb;1;1;19
10/05/2018;sg;2300;tc;1;1;32
11/05/2018;sg;2300;tb;0;1;21
11/05/2018;sg;2300;tc;0;0;10
12/05/2018;sg;2300;tc;1;1;18
12/05/2018;sg;2300;tb;0;1;27
12/05/2018;sg;2300;ta;0;1;16
13/05/2018;sg;2300;tb;1;1;46
13/05/2018;sg;2300;tc;0;1;48
13/05/2018;sg;2300;ta;0;1;35
14/05/2018;sg;2300;tb;0;0;11
14/05/2018;sg;2300;ta;0;0;15
14/05/2018;sg;2300;tc;1;1;27
15/05/2018;sg;2300;tc;1;1;32
15/05/2018;sg;2300;tb;1;0;22
15/05/2018;sg;2300;ta;1;1;16
16/05/2018;sg;2300;tb;0;1;28
16/05/2018;sg;2300;tc;0;1;41
16/05/2018;sg;2300;ta;0;0;29
17/05/2018;sg;2300;ta;0;0;17
17/05/2018;sg;2300;tb;0;1;28
17/05/2018;sg;2300;tc;1;1;25
18/05/2018;sg;2300;tc;0;1;23
18/05/2018;sg;2300;tb;0;1;11
18/05/2018;sg;2300;ta;1;1;7
19/05/2018;sg;2300;tc;0;1;32
19/05/2018;sg;2300;tb;0;1;25
19/05/2018;sg;2300;ta;0;0;15
20/05/2018;sg;2300;tc;0;1;30
20/05/2018;sg;2300;tb;1;1;28
20/05/2018;sg;2300;ta;0;1;13
21/05/2018;sg;2300;tc;0;1;21
21/05/2018;sg;2300;tb;0;0;5
21/05/2018;sg;2300;ta;0;1;2
22/05/2018;sg;2300;ta;0;0;14
22/05/2018;sg;2300;tc;1;1;30
22/05/2018;sg;2300;tb;0;1;4
23/05/2018;sg;2300;ta;0;0;9
23/05/2018;sg;2300;tb;0;1;11
23/05/2018;sg;2300;tc;0;0;10
24/05/2018;sg;2300;tc;0;0;8
24/05/2018;sg;2300;ta;0;0;5
24/05/2018;sg;2300;tb;1;1;11
25/05/2018;sg;2300;tc;0;1;10
25/05/2018;sg;2300;tb;0;0;2
25/05/2018;sg;2300;ta;0;0;2
26/05/2018;sg;2300;tc;0;1;35
26/05/2018;sg;2300;tb;0;1;18
26/05/2018;sg;2300;ta;0;1;20
27/05/2018;sg;2300;tb;0;1;20
27/05/2018;sg;2300;tc;1;1;27
27/05/2018;sg;2300;ta;0;1;17
28/05/2018;sg;2300;tc;0;1;18
28/05/2018;sg;2300;ta;0;0;8
28/05/2018;sg;2300;tb;0;0;14
29/05/2018;sg;2300;tb;1;1;34
29/05/2018;sg;2300;tc;0;1;44
29/05/2018;sg;2300;ta;1;1;22
30/05/2018;sg;2300;tc;0;0;10
30/05/2018;sg;2300;tb;0;1;15
30/05/2018;sg;2300;ta;0;0;2
31/05/2018;sg;2300;tb;0;1;6
31/05/2018;sg;2300;ta;0;0;14
31/05/2018;sg;2300;tc;1;1;12
01/06/2018;sg;2300;ta;0;1;9
01/06/2018;sg;2300;tc;0;1;25
01/06/2018;sg;2300;tb;0;1;15
02/06/2018;sg;2300;tb;0;1;12
02/06/2018;sg;2300;ta;0;0;19
02/06/2018;sg;2300;tc;0;1;30
03/06/2018;sg;2300;tb;1;1;16
03/06/2018;sg;2300;ta;0;1;35
03/06/2018;sg;2300;tc;1;1;39
04/06/2018;sg;2300;ta;0;0;13
04/06/2018;sg;2300;tb;0;1;13
04/06/2018;sg;2300;tc;0;1;21
05/06/2018;sg;2300;tc;1;1;20
05/06/2018;sg;2300;ta;0;0;10
05/06/2018;sg;2300;tb;0;0;14
06/06/2018;sg;2300;tc;0;0;15
06/06/2018;sg;2300;ta;0;0;10
06/06/2018;sg;2300;tb;0;0;9
07/06/2018;sg;2300;tb;0;0;7
07/06/2018;sg;2300;ta;0;0;6
07/06/2018;sg;2300;tc;0;1;19
08/06/2018;sg;2300;ta;0;0;13
08/06/2018;sg;2300;tb;0;1;12
08/06/2018;sg;2300;tc;0;0;9
09/06/2018;sg;2300;tc;0;1;27
09/06/2018;sg;2300;tb;0;1;17
09/06/2018;sg;2300;ta;0;0;15
10/06/2018;sg;2300;tc;0;1;22
10/06/2018;sg;2300;ta;0;0;32
10/06/2018;sg;2300;tb;0;0;3
11/06/2018;sg;2300;tb;0;1;12
11/06/2018;sg;2300;tc;0;1;25
11/06/2018;sg;2300;ta;0;1;27
12/06/2018;sg;2300;tb;0;0;29
12/06/2018;sg;2300;tc;0;1;10
12/06/2018;sg;2300;ta;0;0;30
13/06/2018;sg;2300;ta;0;1;32
13/06/2018;sg;2300;tc;0;0;21
13/06/2018;sg;2300;tb;0;1;10
14/06/2018;sg;2300;tb;0;1;17
14/06/2018;sg;2300;tc;0;0;21
14/06/2018;sg;2300;ta;0;1;18
15/06/2018;sg;2300;tb;0;0;7
15/06/2018;sg;2300;tc;0;0;4
15/06/2018;sg;2300;ta;0;0;3
16/06/2018;sg;2300;tc;0;1;20
16/06/2018;sg;2300;tb;0;1;17
16/06/2018;sg;2300;ta;0;0;7
17/06/2018;sg;2300;ta;0;0;8
17/06/2018;sg;2300;tb;0;1;10
17/06/2018;sg;2300;tc;0;1;12
18/06/2018;sg;2300;ta;0;0;11
18/06/2018;sg;2300;tb;0;0;16
18/06/2018;sg;2300;tc;0;1;14
19/06/2018;sg;2300;tb;0;1;14
19/06/2018;sg;2300;ta;0;0;14
19/06/2018;sg;2300;tc;0;0;12
20/06/2018;sg;2300;tc;0;0;9
20/06/2018;sg;2300;ta;0;0;8
20/06/2018;sg;2300;tb;0;0;10
21/06/2018;sg;2300;tc;0;1;14
21/06/2018;sg;2300;ta;0;0;3
21/06/2018;sg;2300;tb;0;1;13
22/06/2018;sg;2300;tc;0;1;16
22/06/2018;sg;2300;ta;0;0;4
22/06/2018;sg;2300;tb;0;1;14
23/06/2018;sg;2300;ta;0;0;9
23/06/2018;sg;2300;tb;0;1;17
23/06/2018;sg;2300;tc;0;1;15
24/06/2018;sg;2300;tb;0;1;30
24/06/2018;sg;2300;tc;0;0;14
24/06/2018;sg;2300;ta;0;1;11
25/06/2018;sg;2300;tc;0;1;10
25/06/2018;sg;2300;tb;0;0;7
25/06/2018;sg;2300;ta;0;0;9
26/06/2018;sg;2300;tc;0;1;20
26/06/2018;sg;2300;ta;0;0;6
26/06/2018;sg;2300;tb;0;1;11
27/06/2018;sg;2300;tb;0;1;17
27/06/2018;sg;2300;ta;0;0;19
27/06/2018;sg;2300;tc;0;1;30
28/06/2018;sg;2300;tb;0;1;19
28/06/2018;sg;2300;tc;0;0;16
28/06/2018;sg;2300;ta;0;1;9
29/06/2018;sg;2300;tb;0;1;5
29/06/2018;sg;2300;ta;0;0;16
29/06/2018;sg;2300;tc;0;1;14
30/06/2018;sg;2300;tb;0;0;36
30/06/2018;sg;2300;ta;0;1;29
30/06/2018;sg;2300;tc;0;1;35
01/07/2018;sg;2300;ta;0;1;11
01/07/2018;sg;2300;tb;0;0;19
01/07/2018;sg;2300;tc;0;1;65
02/07/2018;sg;2300;tc;0;0;24
02/07/2018;sg;2300;tb;0;1;10
02/07/2018;sg;2300;ta;0;0;2
03/07/2018;sg;2300;tb;0;1;21
03/07/2018;sg;2300;tc;0;1;15
04/07/2018;sg;4100;ta;0;0;1
04/07/2018;sg;2300;tc;0;0;18
04/07/2018;sg;2300;tb;0;0;21
05/07/2018;sg;2300;tb;0;0;14
05/07/2018;sg;2300;tc;0;1;12
06/07/2018;sg;2300;tb;0;0;13
06/07/2018;sg;4100;ta;0;0;18
06/07/2018;sg;2300;tc;0;0;10
07/07/2018;sg;4100;ta;0;1;15
07/07/2018;sg;2300;tb;0;0;4
07/07/2018;sg;2300;tc;0;1;32
08/07/2018;sg;2300;tc;0;1;30
08/07/2018;sg;4100;ta;0;1;16
09/07/2018;sg;2300;tc;0;0;16
09/07/2018;sg;4100;ta;0;1;13
09/07/2018;sg;2300;tb;0;1;18
10/07/2018;sg;4100;ta;0;0;8
10/07/2018;sg;2300;tc;0;0;11
10/07/2018;sg;2300;tb;0;0;9
11/07/2018;sg;2300;ta;0;0;10
11/07/2018;sg;2300;tb;0;0;11
11/07/2018;sg;2300;tc;0;1;12
12/07/2018;sg;2300;tb;0;1;9
12/07/2018;sg;2300;tc;0;0;6
12/07/2018;sg;2300;ta;0;0;9
13/07/2018;sg;2300;ta;0;1;14
13/07/2018;sg;2300;tb;0;1;7
13/07/2018;sg;2300;tc;0;0;5
14/07/2018;sg;2300;tb;0;1;18
14/07/2018;sg;2300;tc;0;1;14
14/07/2018;sg;2300;ta;0;1;14
15/07/2018;sg;2300;tb;0;1;39
15/07/2018;sg;2300;ta;0;0;15
15/07/2018;sg;2300;tc;0;1;9
16/07/2018;sg;2300;tb;0;1;19
16/07/2018;sg;2300;ta;0;0;7
16/07/2018;sg;2300;tc;0;1;7
17/07/2018;sg;2300;tb;0;1;8
17/07/2018;sg;2300;tc;0;1;17
17/07/2018;sg;2300;ta;0;1;9
18/07/2018;sg;2300;tb;0;1;18
18/07/2018;sg;2300;ta;0;0;3
18/07/2018;sg;2300;tc;0;1;2
19/07/2018;sg;2300;tc;0;0;7
19/07/2018;sg;2300;tb;0;1;11
19/07/2018;sg;2300;ta;0;0;3
20/07/2018;sg;2300;ta;0;1;8
20/07/2018;sg;2300;tb;0;0;8
20/07/2018;sg;2300;tc;0;0;8
21/07/2018;sg;2300;tc;0;0;18
21/07/2018;sg;2300;tb;0;1;29
21/07/2018;sg;2300;ta;0;1;13
22/07/2018;sg;2300;tb;0;1;17
22/07/2018;sg;2300;tc;0;1;17
22/07/2018;sg;2300;ta;0;1;17
23/07/2018;sg;2300;tc;0;1;19
23/07/2018;sg;2300;ta;0;1;6
23/07/2018;sg;2300;tb;0;1;11
24/07/2018;sg;2300;tb;0;1;14
24/07/2018;sg;2300;tc;0;1;5
24/07/2018;sg;2300;ta;0;0;8
25/07/2018;sg;2300;tb;0;1;23
25/07/2018;sg;2300;tc;0;0;6
25/07/2018;sg;2300;ta;0;1;12
26/07/2018;sg;2300;tb;0;1;5
26/07/2018;sg;2300;tc;0;1;17
26/07/2018;sg;2300;ta;0;0;8
27/07/2018;sg;2300;tb;0;1;30
27/07/2018;sg;2300;tc;0;0;13
27/07/2018;sg;2300;ta;0;0;6
28/07/2018;sg;2300;tc;0;1;23
28/07/2018;sg;2300;tb;0;1;29
28/07/2018;sg;2300;ta;0;1;7
29/07/2018;sg;2300;tc;0;1;38
29/07/2018;sg;2300;tb;0;1;51
29/07/2018;sg;2300;ta;0;0;7
30/07/2018;sg;2300;tc;0;1;10
30/07/2018;sg;2300;ta;0;1;11
30/07/2018;sg;2300;tb;0;0;10
31/07/2018;sg;2300;ta;0;1;11
31/07/2018;sg;2300;tb;0;1;22
31/07/2018;sg;2300;tc;0;1;19
01/08/2018;sg;2300;tc;0;0;17
01/08/2018;sg;2300;ta;0;0;6
01/08/2018;sg;2300;tb;0;1;10
02/08/2018;sg;2300;tb;0;0;10
02/08/2018;sg;2300;ta;0;0;10
02/08/2018;sg;2300;tc;0;1;21
03/08/2018;sg;2300;tc;0;1;17
03/08/2018;sg;2300;tb;0;1;8
03/08/2018;sg;2300;ta;0;0;8
04/08/2018;sg;2300;ta;0;0;20
04/08/2018;sg;2300;tb;0;1;16
04/08/2018;sg;2300;tc;0;0;29
05/08/2018;sg;2300;tc;0;1;23
05/08/2018;sg;2300;tb;0;1;18
05/08/2018;sg;2300;ta;0;0;8
06/08/2018;sg;2300;tc;0;1;23
06/08/2018;sg;2300;ta;0;0;8
06/08/2018;sg;2300;tb;0;1;5
07/08/2018;sg;2300;ta;0;0;7
07/08/2018;sg;2300;tc;0;1;15
07/08/2018;sg;2300;tb;0;1;9
08/08/2018;sg;2300;tc;0;0;3
08/08/2018;sg;2300;tb;0;1;6
08/08/2018;sg;2300;ta;0;0;4
09/08/2018;sg;2300;tb;0;0;15
09/08/2018;sg;2300;ta;0;0;3
09/08/2018;sg;2300;tc;0;1;13
10/08/2018;sg;2300;tc;0;1;7
10/08/2018;sg;2300;tb;0;1;12
10/08/2018;sg;2300;ta;0;0;2
11/08/2018;sg;2300;tc;0;0;10
11/08/2018;sg;2300;tb;0;0;7
11/08/2018;sg;2300;ta;0;0;7
12/08/2018;sg;2300;tb;0;1;16
12/08/2018;sg;2300;tc;0;1;28
12/08/2018;sg;2300;ta;0;0;14
13/08/2018;sg;2300;tc;0;1;6
13/08/2018;sg;2300;tb;0;0;6
13/08/2018;sg;2300;ta;0;0;9
14/08/2018;sg;2300;tc;0;1;6
14/08/2018;sg;2300;tb;0;0;5
14/08/2018;sg;2300;ta;0;0;3
15/08/2018;sg;2300;tc;0;1;15
15/08/2018;sg;2300;ta;0;0;2
15/08/2018;sg;2300;tb;0;0;3
16/08/2018;sg;2300;ta;0;0;6
16/08/2018;sg;2300;tb;0;1;7
16/08/2018;sg;2300;tc;0;1;6
17/08/2018;sg;2300;tb;0;1;19
17/08/2018;sg;2300;ta;0;0;11
17/08/2018;sg;2300;tc;0;0;16
18/08/2018;sg;2300;tb;0;0;10
18/08/2018;sg;2300;ta;0;0;7
18/08/2018;sg;2300;tc;0;0;11
19/08/2018;sg;2300;tb;0;1;16
19/08/2018;sg;2300;tc;0;1;19
19/08/2018;sg;2300;ta;0;1;13
20/08/2018;sg;2300;tc;0;0;4
20/08/2018;sg;2300;tb;0;1;5
20/08/2018;sg;2300;ta;0;0;5
21/08/2018;sg;2300;tc;0;1;9
21/08/2018;sg;2300;tb;0;1;20
21/08/2018;sg;2300;ta;0;0;12
22/08/2018;sg;2300;tc;0;1;21
22/08/2018;sg;2300;tb;0;0;22
22/08/2018;sg;2300;ta;0;0;11
23/08/2018;sg;2300;ta;0;1;7
23/08/2018;sg;2300;tc;0;1;4
23/08/2018;sg;2300;tb;0;0;6
24/08/2018;sg;2300;tc;0;0;13
24/08/2018;sg;2300;tb;0;1;13
24/08/2018;sg;2300;ta;0;1;7
25/08/2018;sg;2300;tb;0;1;19
25/08/2018;sg;2300;tc;0;1;27
25/08/2018;sg;2300;ta;0;1;15
26/08/2018;sg;2300;tb;0;1;36
26/08/2018;sg;2300;tc;0;1;22
26/08/2018;sg;2300;ta;0;1;10
27/08/2018;sg;2300;tb;0;1;16
27/08/2018;sg;2300;tc;0;0;5
28/08/2018;sg;2300;tc;0;0;13
28/08/2018;sg;2300;tb;0;1;11
29/08/2018;sg;2400;tb;1;0;25
29/08/2018;sg;2400;tc;0;0;10
30/08/2018;sg;2400;tc;0;0;15
30/08/2018;sg;2400;tb;1;1;57
31/08/2018;sg;2400;tb;1;1;43
31/08/2018;sg;2400;tc;0;1;19
31/08/2018;sg;2400;ta;0;0;15
22/03/2019;sg;2220;tb;0;0;2
26/03/2019;sg;2600;ta;0;0;2
30/03/2019;sg;2600;ta;0;0;1
31/03/2019;sg;2600;tb;0;1;3
